date	Boeing	Airbus
2000-07-10	0.000	0.000
2000-07-11	0.027	0.034
2000-07-12	0.010	0.042
2000-07-13	0.024	0.008
2000-07-14	0.010	0.000
2000-07-17	0.000	-0.017
2000-07-18	0.038	0.008
2000-07-19	0.065	0.017
2000-07-20	0.058	0.008
2000-07-21	0.086	0.025
2000-07-24	0.131	0.050
2000-07-25	0.134	0.034
2000-07-26	0.134	0.050
2000-07-27	0.144	0.059
2000-07-28	0.182	0.076
2000-07-31	0.172	0.067
2000-08-01	0.165	0.050
2000-08-02	0.192	0.042
2000-08-03	0.158	0.034
2000-08-04	0.151	0.034
2000-08-07	0.141	0.017
2000-08-08	0.127	0.034
2000-08-09	0.113	0.042
2000-08-10	0.151	0.034
2000-08-11	0.158	0.025
2000-08-14	0.141	0.017
2000-08-15	0.093	0.025
2000-08-16	0.072	0.017
2000-08-17	0.055	-0.008
2000-08-18	0.052	-0.008
2000-08-21	0.093	-0.025
2000-08-22	0.131	-0.034
2000-08-23	0.155	-0.101
2000-08-24	0.223	-0.092
2000-08-25	0.234	0.008
2000-08-28	0.210	-0.008
2000-08-29	0.189	-0.034
2000-08-30	0.199	-0.042
2000-08-31	0.213	-0.008
2000-09-01	0.237	-0.008
2000-09-05	0.265	0.042
2000-09-06	0.330	0.025
2000-09-07	0.337	0.067
2000-09-08	0.337	0.067
2000-09-11	0.354	0.084
2000-09-12	0.368	0.101
2000-09-13	0.375	0.084
2000-09-14	0.354	0.084
2000-09-15	0.333	0.101
2000-09-18	0.354	0.118
2000-09-19	0.337	0.059
2000-09-20	0.399	0.042
2000-09-21	0.423	0.008
2000-09-22	0.505	0.034
2000-09-25	0.526	0.042
2000-09-26	0.591	0.034
2000-09-27	0.557	0.101
2000-09-28	0.519	0.109
2000-09-29	0.543	0.160
2000-10-02	0.399	0.176
2000-10-03	0.443	0.269
2000-10-04	0.464	0.244
2000-10-05	0.464	0.286
2000-10-06	0.488	0.311
2000-10-09	0.457	0.218
2000-10-10	0.474	0.244
2000-10-11	0.515	0.277
2000-10-12	0.450	0.319
2000-10-13	0.471	0.252
2000-10-16	0.505	0.303
2000-10-17	0.540	0.370
2000-10-18	0.557	0.353
2000-10-19	0.447	0.353
2000-10-20	0.478	0.286
2000-10-23	0.509	0.244
2000-10-24	0.498	0.269
2000-10-25	0.574	0.336
2000-10-26	0.588	0.462
2000-10-27	0.588	0.429
2000-10-30	0.588	0.445
2000-10-31	0.629	0.412
2000-11-01	0.591	0.429
2000-11-02	0.591	0.387
2000-11-03	0.591	0.387
2000-11-06	0.584	0.370
2000-11-07	0.564	0.378
2000-11-08	0.584	0.429
2000-11-09	0.612	0.437
2000-11-10	0.598	0.487
2000-11-13	0.598	0.529
2000-11-14	0.598	0.479
2000-11-15	0.570	0.504
2000-11-16	0.649	0.521
2000-11-17	0.643	0.496
2000-11-20	0.677	0.513
2000-11-21	0.749	0.513
2000-11-22	0.691	0.496
2000-11-24	0.684	0.445
2000-11-27	0.715	0.445
2000-11-28	0.735	0.487
2000-11-29	0.790	0.504
2000-11-30	0.804	0.538
2000-12-01	0.718	0.513
2000-12-04	0.680	0.479
2000-12-05	0.722	0.454
2000-12-06	0.715	0.445
2000-12-07	0.708	0.378
2000-12-08	0.756	0.395
2000-12-11	0.701	0.412
2000-12-12	0.732	0.319
2000-12-13	0.715	0.286
2000-12-14	0.725	0.294
2000-12-15	0.698	0.311
2000-12-18	0.780	0.345
2000-12-19	0.746	0.412
2000-12-20	0.766	0.521
2000-12-21	0.742	0.479
2000-12-22	0.670	0.504
2000-12-26	0.646	0.496
2000-12-27	0.656	0.504
2000-12-28	0.684	0.504
2000-12-29	0.718	0.504
2001-01-02	0.660	0.538
2001-01-03	0.595	0.445
2001-01-04	0.570	0.462
2001-01-05	0.553	0.420
2001-01-08	0.564	0.479
2001-01-09	0.557	0.420
2001-01-10	0.581	0.429
2001-01-11	0.533	0.437
2001-01-12	0.581	0.420
2001-01-16	0.581	0.429
2001-01-17	0.519	0.471
2001-01-18	0.464	0.462
2001-01-19	0.426	0.437
2001-01-22	0.433	0.403
2001-01-23	0.454	0.420
2001-01-24	0.447	0.462
2001-01-25	0.498	0.462
2001-01-26	0.474	0.437
2001-01-29	0.423	0.420
2001-01-30	0.405	0.420
2001-01-31	0.471	0.412
2001-02-01	0.416	0.420
2001-02-02	0.447	0.454
2001-02-05	0.471	0.454
2001-02-06	0.443	0.462
2001-02-07	0.471	0.454
2001-02-08	0.485	0.462
2001-02-09	0.498	0.454
2001-02-12	0.526	0.454
2001-02-13	0.581	0.462
2001-02-14	0.581	0.437
2001-02-15	0.557	0.429
2001-02-16	0.584	0.437
2001-02-20	0.663	0.437
2001-02-21	0.649	0.454
2001-02-22	0.680	0.496
2001-02-23	0.701	0.504
2001-02-26	0.701	0.504
2001-02-27	0.739	0.513
2001-02-28	0.725	0.521
2001-03-01	0.653	0.521
2001-03-02	0.674	0.504
2001-03-05	0.715	0.529
2001-03-06	0.704	0.504
2001-03-07	0.746	0.521
2001-03-08	0.759	0.555
2001-03-09	0.825	0.597
2001-03-12	0.777	0.647
2001-03-13	0.739	0.605
2001-03-14	0.708	0.622
2001-03-15	0.643	0.538
2001-03-16	0.605	0.664
2001-03-19	0.643	0.563
2001-03-20	0.653	0.487
2001-03-21	0.649	0.471
2001-03-22	0.598	0.445
2001-03-23	0.598	0.395
2001-03-26	0.653	0.378
2001-03-27	0.605	0.429
2001-03-28	0.639	0.462
2001-03-29	0.674	0.496
2001-03-30	0.649	0.521
2001-04-02	0.649	0.521
2001-04-03	0.698	0.546
2001-04-04	0.701	0.555
2001-04-05	0.694	0.437
2001-04-06	0.704	0.454
2001-04-09	0.718	0.479
2001-04-10	0.759	0.462
2001-04-11	0.742	0.479
2001-04-12	0.756	0.462
2001-04-16	0.739	0.462
2001-04-17	0.746	0.420
2001-04-18	0.701	0.412
2001-04-19	0.663	0.353
2001-04-20	0.704	0.345
2001-04-23	0.687	0.361
2001-04-24	0.729	0.395
2001-04-25	0.687	0.345
2001-04-26	0.698	0.370
2001-04-27	0.691	0.387
2001-04-30	0.701	0.378
2001-05-01	0.722	0.361
2001-05-02	0.735	0.336
2001-05-03	0.763	0.328
2001-05-04	0.749	0.319
2001-05-07	0.759	0.336
2001-05-08	0.759	0.336
2001-05-09	0.780	0.336
2001-05-10	0.804	0.420
2001-05-11	0.821	0.462
2001-05-14	0.835	0.454
2001-05-15	0.832	0.521
2001-05-16	0.784	0.504
2001-05-17	0.835	0.504
2001-05-18	0.818	0.513
2001-05-21	0.797	0.513
2001-05-22	0.784	0.529
2001-05-23	0.759	0.563
2001-05-24	0.732	0.538
2001-05-25	0.704	0.504
2001-05-29	0.722	0.521
2001-05-30	0.735	0.513
2001-05-31	0.722	0.555
2001-06-01	0.773	0.588
2001-06-04	0.790	0.580
2001-06-05	0.790	0.571
2001-06-06	0.787	0.580
2001-06-07	0.766	0.630
2001-06-08	0.756	0.597
2001-06-11	0.766	0.613
2001-06-12	0.797	0.571
2001-06-13	0.811	0.605
2001-06-14	0.790	0.605
2001-06-15	0.818	0.580
2001-06-18	0.845	0.546
2001-06-19	0.753	0.597
2001-06-20	0.718	0.546
2001-06-21	0.605	0.580
2001-06-22	0.598	0.580
2001-06-25	0.605	0.538
2001-06-26	0.612	0.521
2001-06-27	0.636	0.496
2001-06-28	0.605	0.479
2001-06-29	0.560	0.496
2001-07-02	0.567	0.504
2001-07-03	0.567	0.521
2001-07-05	0.557	0.588
2001-07-06	0.567	0.605
2001-07-09	0.515	0.571
2001-07-10	0.574	0.563
2001-07-11	0.540	0.555
2001-07-12	0.550	0.513
2001-07-13	0.557	0.496
2001-07-16	0.581	0.521
2001-07-17	0.595	0.513
2001-07-18	0.625	0.521
2001-07-19	0.595	0.496
2001-07-20	0.612	0.487
2001-07-23	0.622	0.504
2001-07-24	0.622	0.529
2001-07-25	0.636	0.529
2001-07-26	0.660	0.546
2001-07-27	0.656	0.605
2001-07-30	0.639	0.571
2001-07-31	0.660	0.571
2001-08-01	0.667	0.563
2001-08-02	0.656	0.580
2001-08-03	0.677	0.580
2001-08-06	0.670	0.588
2001-08-07	0.639	0.504
2001-08-08	0.643	0.496
2001-08-09	0.636	0.513
2001-08-10	0.643	0.521
2001-08-13	0.629	0.437
2001-08-14	0.619	0.420
2001-08-15	0.588	0.420
2001-08-16	0.605	0.395
2001-08-17	0.598	0.378
2001-08-20	0.564	0.361
2001-08-21	0.543	0.437
2001-08-22	0.543	0.412
2001-08-23	0.543	0.429
2001-08-24	0.557	0.445
2001-08-27	0.546	0.412
2001-08-28	0.529	0.395
2001-08-29	0.515	0.454
2001-08-30	0.536	0.437
2001-08-31	0.553	0.395
2001-09-04	0.515	0.479
2001-09-05	0.536	0.462
2001-09-06	0.515	0.445
2001-09-07	0.430	0.403
2001-09-10	0.368	0.319
2001-09-17	0.186	-0.008
2001-09-18	0.103	-0.101
2001-09-19	0.103	-0.076
2001-09-20	0.038	-0.126
2001-09-21	0.072	-0.160
2001-09-24	0.124	-0.109
2001-09-25	0.165	-0.084
2001-09-26	0.172	-0.025
2001-09-27	0.162	-0.050
2001-09-28	0.107	-0.042
2001-10-01	0.072	-0.109
2001-10-02	0.120	-0.151
2001-10-03	0.172	-0.168
2001-10-04	0.168	-0.084
2001-10-05	0.162	-0.118
2001-10-08	0.186	-0.160
2001-10-09	0.172	-0.109
2001-10-10	0.137	-0.084
2001-10-11	0.134	-0.042
2001-10-12	0.131	-0.025
2001-10-15	0.113	-0.076
2001-10-16	0.100	-0.076
2001-10-17	0.076	-0.017
2001-10-18	0.058	0.000
2001-10-19	0.072	-0.050
2001-10-22	0.062	-0.042
2001-10-23	0.072	0.008
2001-10-24	0.086	0.017
2001-10-25	0.120	0.008
2001-10-26	0.172	0.025
2001-10-29	0.076	0.050
2001-10-30	0.072	0.000
2001-10-31	0.058	0.025
2001-11-01	0.052	0.000
2001-11-02	0.086	0.025
2001-11-05	0.093	0.050
2001-11-06	0.089	0.017
2001-11-07	0.076	0.017
2001-11-08	0.072	0.076
2001-11-09	0.021	0.042
2001-11-12	0.017	-0.050
2001-11-13	0.014	0.017
2001-11-14	0.027	0.034
2001-11-15	0.031	0.008
2001-11-16	0.055	0.034
2001-11-19	0.048	0.050
2001-11-20	0.052	0.025
2001-11-21	0.048	0.008
2001-11-23	0.065	0.000
2001-11-26	0.065	0.008
2001-11-27	0.062	0.025
2001-11-28	0.041	0.008
2001-11-29	0.058	-0.008
2001-11-30	0.058	-0.017
2001-12-03	0.065	0.000
2001-12-04	0.062	-0.017
2001-12-05	0.055	-0.008
2001-12-06	0.093	0.017
2001-12-07	0.107	0.008
2001-12-10	0.113	0.000
2001-12-11	0.120	-0.008
2001-12-12	0.113	0.000
2001-12-13	0.137	0.008
2001-12-14	0.148	0.008
2001-12-17	0.124	0.042
2001-12-18	0.120	0.034
2001-12-19	0.120	-0.008
2001-12-20	0.151	-0.025
2001-12-21	0.158	0.008
2001-12-24	0.155	-0.008
2001-12-26	0.155	-0.017
2001-12-27	0.148	-0.008
2001-12-28	0.158	-0.017
2001-12-31	0.162	0.000
2002-01-02	0.134	-0.017
2002-01-03	0.144	0.000
2002-01-04	0.182	0.017
2002-01-07	0.210	0.025
2002-01-08	0.192	0.076
2002-01-09	0.186	0.076
2002-01-10	0.182	0.034
2002-01-11	0.162	0.076
2002-01-14	0.155	0.059
2002-01-15	0.179	0.059
2002-01-16	0.158	0.025
2002-01-17	0.158	0.042
2002-01-18	0.192	0.034
2002-01-22	0.220	0.034
2002-01-23	0.199	-0.008
2002-01-24	0.213	-0.008
2002-01-25	0.227	-0.008
2002-01-28	0.241	-0.017
2002-01-29	0.258	-0.017
2002-01-30	0.234	-0.034
2002-01-31	0.244	-0.034
2002-02-01	0.268	-0.008
2002-02-04	0.292	-0.008
2002-02-05	0.289	-0.008
2002-02-06	0.299	0.008
2002-02-07	0.306	0.008
2002-02-08	0.306	0.008
2002-02-11	0.330	0.008
2002-02-12	0.340	0.017
2002-02-13	0.378	0.034
2002-02-14	0.378	0.050
2002-02-15	0.399	0.059
2002-02-19	0.385	0.050
2002-02-20	0.354	0.034
2002-02-21	0.405	0.050
2002-02-22	0.412	0.034
2002-02-25	0.392	0.034
2002-02-26	0.399	0.042
2002-02-27	0.423	0.076
2002-02-28	0.426	0.109
2002-03-01	0.454	0.151
2002-03-04	0.464	0.176
2002-03-05	0.447	0.151
2002-03-06	0.474	0.185
2002-03-07	0.440	0.193
2002-03-08	0.457	0.193
2002-03-11	0.498	0.176
2002-03-12	0.481	0.151
2002-03-13	0.464	0.160
2002-03-14	0.419	0.176
2002-03-15	0.412	0.202
2002-03-18	0.405	0.227
2002-03-19	0.409	0.151
2002-03-20	0.402	0.160
2002-03-21	0.419	0.168
2002-03-22	0.388	0.185
2002-03-25	0.388	0.210
2002-03-26	0.381	0.176
2002-03-27	0.423	0.176
2002-03-28	0.447	0.185
2002-04-01	0.436	0.185
2002-04-02	0.485	0.193
2002-04-03	0.488	0.193
2002-04-04	0.498	0.134
2002-04-05	0.478	0.160
2002-04-08	0.495	0.151
2002-04-09	0.495	0.176
2002-04-10	0.509	0.185
2002-04-11	0.519	0.244
2002-04-12	0.502	0.210
2002-04-15	0.485	0.227
2002-04-16	0.485	0.202
2002-04-17	0.385	0.193
2002-04-18	0.337	0.193
2002-04-19	0.306	0.202
2002-04-22	0.337	0.227
2002-04-23	0.326	0.252
2002-04-24	0.333	0.277
2002-04-25	0.320	0.252
2002-04-26	0.326	0.294
2002-04-29	0.405	0.303
2002-04-30	0.423	0.294
2002-05-01	0.440	0.286
2002-05-02	0.423	0.277
2002-05-03	0.430	0.303
2002-05-06	0.416	0.311
2002-05-07	0.412	0.319
2002-05-08	0.402	0.311
2002-05-09	0.440	0.319
2002-05-10	0.423	0.311
2002-05-13	0.416	0.303
2002-05-14	0.423	0.269
2002-05-15	0.402	0.345
2002-05-16	0.409	0.378
2002-05-17	0.409	0.361
2002-05-20	0.419	0.361
2002-05-21	0.412	0.370
2002-05-22	0.405	0.319
2002-05-23	0.381	0.336
2002-05-24	0.375	0.370
2002-05-28	0.375	0.345
2002-05-29	0.385	0.336
2002-05-30	0.409	0.345
2002-05-31	0.375	0.370
2002-06-03	0.381	0.361
2002-06-04	0.381	0.336
2002-06-05	0.392	0.353
2002-06-06	0.402	0.387
2002-06-07	0.430	0.370
2002-06-10	0.430	0.378
2002-06-11	0.440	0.412
2002-06-12	0.478	0.370
2002-06-13	0.447	0.345
2002-06-14	0.450	0.277
2002-06-17	0.460	0.319
2002-06-18	0.450	0.311
2002-06-19	0.454	0.311
2002-06-20	0.495	0.303
2002-06-21	0.491	0.277
2002-06-24	0.481	0.261
2002-06-25	0.509	0.319
2002-06-26	0.509	0.294
2002-06-27	0.553	0.269
2002-06-28	0.564	0.319
2002-07-01	0.581	0.370
2002-07-02	0.615	0.387
2002-07-03	0.577	0.378
2002-07-05	0.564	0.479
2002-07-08	0.550	0.496
2002-07-09	0.560	0.529
2002-07-10	0.522	0.546
2002-07-11	0.526	0.471
2002-07-12	0.498	0.471
2002-07-15	0.488	0.403
2002-07-16	0.560	0.412
2002-07-17	0.629	0.479
2002-07-18	0.608	0.529
2002-07-19	0.619	0.513
2002-07-22	0.615	0.462
2002-07-23	0.674	0.479
2002-07-24	0.677	0.403
2002-07-25	0.759	0.429
2002-07-26	0.691	0.429
2002-07-29	0.608	0.454
2002-07-30	0.584	0.471
2002-07-31	0.564	0.479
2002-08-01	0.577	0.454
2002-08-02	0.584	0.496
2002-08-05	0.591	0.462
2002-08-06	0.574	0.513
2002-08-07	0.612	0.471
2002-08-08	0.574	0.487
2002-08-09	0.550	0.538
2002-08-12	0.540	0.437
2002-08-13	0.447	0.412
2002-08-14	0.357	0.328
2002-08-15	0.385	0.336
2002-08-16	0.388	0.319
2002-08-19	0.392	0.319
2002-08-20	0.388	0.328
2002-08-21	0.361	0.319
2002-08-22	0.375	0.328
2002-08-23	0.357	0.328
2002-08-26	0.337	0.303
2002-08-27	0.361	0.336
2002-08-28	0.405	0.311
2002-08-29	0.392	0.261
2002-08-30	0.392	0.252
2002-09-03	0.388	0.244
2002-09-04	0.416	0.218
2002-09-05	0.409	0.218
2002-09-06	0.430	0.218
2002-09-09	0.423	0.227
2002-09-10	0.405	0.202
2002-09-11	0.402	0.244
2002-09-12	0.412	0.235
2002-09-13	0.375	0.210
2002-09-16	0.436	0.193
2002-09-17	0.426	0.185
2002-09-18	0.454	0.101
2002-09-19	0.447	0.084
2002-09-20	0.485	0.126
2002-09-23	0.460	0.143
2002-09-24	0.467	0.218
2002-09-25	0.450	0.151
2002-09-26	0.471	0.168
2002-09-27	0.440	0.168
2002-09-30	0.440	0.109
2002-10-01	0.460	0.050
2002-10-02	0.426	0.067
2002-10-03	0.440	0.059
2002-10-04	0.375	0.008
2002-10-07	0.416	-0.025
2002-10-08	0.378	-0.017
2002-10-09	0.347	0.000
2002-10-10	0.340	-0.034
2002-10-11	0.316	0.025
2002-10-14	0.268	-0.034
2002-10-15	0.254	0.025
2002-10-16	0.220	0.143
2002-10-17	0.172	0.235
2002-10-18	0.127	0.143
2002-10-21	0.158	0.118
2002-10-22	0.165	0.092
2002-10-23	0.179	0.059
2002-10-24	0.165	0.059
2002-10-25	0.162	0.034
2002-10-28	0.120	0.076
2002-10-29	0.158	0.008
2002-10-30	0.165	0.017
2002-10-31	0.155	0.059
2002-11-01	0.158	0.025
2002-11-04	0.124	0.151
2002-11-05	0.182	0.176
2002-11-06	0.251	0.118
2002-11-07	0.230	0.118
2002-11-08	0.275	0.092
2002-11-11	0.223	0.059
2002-11-12	0.234	0.084
2002-11-13	0.223	0.050
2002-11-14	0.192	0.000
2002-11-15	0.189	-0.017
2002-11-18	0.179	0.076
2002-11-19	0.203	0.076
2002-11-20	0.192	0.050
2002-11-21	0.192	0.050
2002-11-22	0.254	0.101
2002-11-25	0.234	0.126
2002-11-26	0.268	0.160
2002-11-27	0.282	0.126
2002-11-29	0.251	0.151
2002-12-02	0.254	0.185
2002-12-03	0.278	0.168
2002-12-04	0.271	0.126
2002-12-05	0.251	0.059
2002-12-06	0.258	0.076
2002-12-09	0.247	0.101
2002-12-10	0.227	0.059
2002-12-11	0.234	0.042
2002-12-12	0.220	0.042
2002-12-13	0.213	0.017
2002-12-16	0.206	0.042
2002-12-17	0.213	0.025
2002-12-18	0.234	-0.008
2002-12-19	0.254	-0.034
2002-12-20	0.254	-0.025
2002-12-23	0.254	-0.025
2002-12-24	0.258	-0.034
2002-12-26	0.261	-0.034
2002-12-27	0.268	-0.050
2002-12-30	0.285	-0.076
2002-12-31	0.289	-0.059
2003-01-02	0.282	0.017
2003-01-03	0.292	0.059
2003-01-06	0.261	0.017
2003-01-07	0.241	0.000
2003-01-08	0.265	-0.008
2003-01-09	0.254	-0.034
2003-01-10	0.254	-0.025
2003-01-13	0.271	-0.025
2003-01-14	0.261	-0.042
2003-01-15	0.247	-0.084
2003-01-16	0.258	-0.059
2003-01-17	0.268	-0.067
2003-01-21	0.254	-0.076
2003-01-22	0.244	-0.092
2003-01-23	0.234	-0.092
2003-01-24	0.237	-0.092
2003-01-27	0.241	-0.101
2003-01-28	0.258	-0.084
2003-01-29	0.216	-0.076
2003-01-30	0.247	-0.017
2003-01-31	0.268	-0.050
2003-02-03	0.244	-0.050
2003-02-04	0.265	-0.076
2003-02-05	0.251	-0.076
2003-02-06	0.251	-0.067
2003-02-07	0.244	-0.059
2003-02-10	0.244	-0.092
2003-02-11	0.237	-0.084
2003-02-12	0.244	-0.101
2003-02-13	0.241	-0.101
2003-02-14	0.241	-0.118
2003-02-18	0.210	-0.101
2003-02-19	0.227	-0.118
2003-02-20	0.196	-0.134
2003-02-21	0.199	-0.168
2003-02-24	0.175	-0.185
2003-02-25	0.155	-0.210
2003-02-26	0.155	-0.227
2003-02-27	0.148	-0.210
2003-02-28	0.127	-0.193
2003-03-03	0.117	-0.185
2003-03-04	0.148	-0.210
2003-03-05	0.107	-0.235
2003-03-06	0.093	-0.261
2003-03-07	0.072	-0.294
2003-03-10	0.086	-0.328
2003-03-11	0.082	-0.286
2003-03-12	0.076	-0.311
2003-03-13	0.048	-0.252
2003-03-14	0.055	-0.193
2003-03-17	0.072	-0.185
2003-03-18	0.103	-0.176
2003-03-19	0.100	-0.193
2003-03-20	0.093	-0.202
2003-03-21	0.079	-0.193
2003-03-24	0.076	-0.210
2003-03-25	0.076	-0.193
2003-03-26	0.041	-0.202
2003-03-27	0.048	-0.244
2003-03-28	0.038	-0.277
2003-03-31	0.014	-0.319
2003-04-01	0.027	-0.303
2003-04-02	0.041	-0.286
2003-04-03	0.041	-0.252
2003-04-04	0.038	-0.269
2003-04-07	0.069	-0.210
2003-04-08	0.072	-0.244
2003-04-09	0.089	-0.235
2003-04-10	0.069	-0.277
2003-04-11	0.048	-0.294
2003-04-14	0.058	-0.294
2003-04-15	0.052	-0.294
2003-04-16	0.041	-0.286
2003-04-17	0.024	-0.294
2003-04-21	0.031	-0.286
2003-04-22	0.048	-0.303
2003-04-23	0.052	-0.286
2003-04-24	0.041	-0.269
2003-04-25	0.041	-0.277
2003-04-28	0.027	-0.269
2003-04-29	0.038	-0.244
2003-04-30	0.024	-0.235
2003-05-01	0.017	-0.235
2003-05-02	0.058	-0.235
2003-05-05	0.024	-0.210
2003-05-06	0.034	-0.202
2003-05-07	0.048	-0.218
2003-05-08	0.052	-0.244
2003-05-09	0.072	-0.235
2003-05-12	0.086	-0.269
2003-05-13	0.079	-0.261
2003-05-14	0.079	-0.261
2003-05-15	0.096	-0.277
2003-05-16	0.107	-0.261
2003-05-19	0.086	-0.286
2003-05-20	0.082	-0.269
2003-05-21	0.072	-0.252
2003-05-22	0.072	-0.244
2003-05-23	0.103	-0.261
2003-05-27	0.079	-0.244
2003-05-28	0.096	-0.227
2003-05-29	0.082	-0.202
2003-05-30	0.093	-0.176
2003-06-02	0.137	-0.168
2003-06-03	0.134	-0.185
2003-06-04	0.168	-0.168
2003-06-05	0.168	-0.143
2003-06-06	0.213	-0.126
2003-06-09	0.168	-0.118
2003-06-10	0.196	-0.126
2003-06-11	0.220	-0.126
2003-06-12	0.230	-0.101
2003-06-13	0.227	-0.109
2003-06-16	0.237	-0.092
2003-06-17	0.227	-0.076
2003-06-18	0.220	-0.101
2003-06-19	0.227	-0.109
2003-06-20	0.227	-0.076
2003-06-23	0.206	-0.101
2003-06-24	0.206	-0.101
2003-06-25	0.213	-0.092
2003-06-26	0.199	-0.092
2003-06-27	0.206	-0.059
2003-06-30	0.210	-0.076
2003-07-01	0.213	-0.101
2003-07-02	0.203	-0.067
2003-07-03	0.206	-0.017
2003-07-07	0.199	0.025
2003-07-08	0.192	0.034
2003-07-09	0.210	0.025
2003-07-10	0.206	0.017
2003-07-11	0.210	0.017
2003-07-14	0.182	0.050
2003-07-15	0.148	0.076
2003-07-16	0.155	0.084
2003-07-17	0.162	0.084
2003-07-18	0.155	0.084
2003-07-21	0.137	0.076
2003-07-22	0.134	0.067
2003-07-23	0.137	0.042
2003-07-24	0.127	0.067
2003-07-25	0.124	0.034
2003-07-28	0.131	0.084
2003-07-29	0.113	0.134
2003-07-30	0.131	0.185
2003-07-31	0.148	0.202
2003-08-01	0.137	0.235
2003-08-04	0.127	0.193
2003-08-05	0.110	0.235
2003-08-06	0.134	0.235
2003-08-07	0.127	0.202
2003-08-08	0.134	0.193
2003-08-11	0.131	0.202
2003-08-12	0.131	0.176
2003-08-13	0.131	0.210
2003-08-14	0.144	0.218
2003-08-15	0.144	0.218
2003-08-18	0.155	0.227
2003-08-19	0.175	0.210
2003-08-20	0.179	0.210
2003-08-21	0.196	0.218
2003-08-22	0.234	0.244
2003-08-25	0.220	0.210
2003-08-26	0.230	0.218
2003-08-27	0.247	0.193
2003-08-28	0.268	0.218
2003-08-29	0.275	0.202
2003-09-02	0.268	0.252
2003-09-03	0.285	0.303
2003-09-04	0.268	0.311
2003-09-05	0.251	0.336
2003-09-08	0.230	0.319
2003-09-09	0.220	0.277
2003-09-10	0.210	0.235
2003-09-11	0.206	0.218
2003-09-12	0.203	0.185
2003-09-15	0.203	0.218
2003-09-16	0.196	0.218
2003-09-17	0.186	0.244
2003-09-18	0.196	0.244
2003-09-19	0.186	0.210
2003-09-22	0.172	0.185
2003-09-23	0.175	0.143
2003-09-24	0.165	0.160
2003-09-25	0.158	0.143
2003-09-26	0.172	0.160
2003-09-29	0.175	0.143
2003-09-30	0.186	0.118
2003-10-01	0.192	0.101
2003-10-02	0.189	0.101
2003-10-03	0.196	0.168
2003-10-06	0.189	0.143
2003-10-07	0.196	0.143
2003-10-08	0.206	0.185
2003-10-09	0.216	0.210
2003-10-10	0.223	0.193
2003-10-13	0.227	0.202
2003-10-14	0.216	0.193
2003-10-15	0.213	0.269
2003-10-16	0.227	0.261
2003-10-17	0.230	0.311
2003-10-20	0.227	0.328
2003-10-21	0.203	0.328
2003-10-22	0.206	0.303
2003-10-23	0.196	0.252
2003-10-24	0.213	0.252
2003-10-27	0.203	0.286
2003-10-28	0.182	0.319
2003-10-29	0.261	0.395
2003-10-30	0.271	0.429
2003-10-31	0.258	0.403
2003-11-03	0.261	0.429
2003-11-04	0.265	0.403
2003-11-05	0.261	0.412
2003-11-06	0.265	0.454
2003-11-07	0.268	0.487
2003-11-10	0.275	0.513
2003-11-11	0.258	0.479
2003-11-12	0.268	0.454
2003-11-13	0.296	0.479
2003-11-14	0.285	0.479
2003-11-17	0.309	0.445
2003-11-18	0.289	0.403
2003-11-19	0.299	0.387
2003-11-20	0.309	0.378
2003-11-21	0.289	0.429
2003-11-24	0.271	0.437
2003-11-25	0.247	0.454
2003-11-26	0.244	0.420
2003-11-28	0.247	0.445
2003-12-01	0.220	0.513
2003-12-02	0.220	0.487
2003-12-03	0.244	0.529
2003-12-04	0.258	0.580
2003-12-05	0.230	0.521
2003-12-08	0.258	0.479
2003-12-09	0.251	0.504
2003-12-10	0.261	0.496
2003-12-11	0.268	0.513
2003-12-12	0.261	0.521
2003-12-15	0.261	0.546
2003-12-16	0.275	0.487
2003-12-17	0.306	0.445
2003-12-18	0.306	0.429
2003-12-19	0.309	0.454
2003-12-22	0.309	0.471
2003-12-23	0.316	0.462
2003-12-24	0.299	0.479
2003-12-26	0.299	0.479
2003-12-29	0.302	0.445
2003-12-30	0.309	0.437
2003-12-31	0.302	0.429
2004-01-02	0.302	0.420
2004-01-05	0.289	0.387
2004-01-06	0.282	0.336
2004-01-07	0.289	0.353
2004-01-08	0.302	0.345
2004-01-09	0.306	0.345
2004-01-12	0.292	0.311
2004-01-13	0.296	0.336
2004-01-14	0.309	0.370
2004-01-15	0.306	0.353
2004-01-16	0.326	0.378
2004-01-20	0.302	0.395
2004-01-21	0.306	0.387
2004-01-22	0.289	0.403
2004-01-23	0.261	0.420
2004-01-26	0.261	0.361
2004-01-27	0.261	0.378
2004-01-28	0.265	0.361
2004-01-29	0.282	0.319
2004-01-30	0.268	0.294
2004-02-02	0.289	0.303
2004-02-03	0.302	0.269
2004-02-04	0.330	0.269
2004-02-05	0.351	0.277
2004-02-06	0.333	0.277
2004-02-09	0.326	0.286
2004-02-10	0.313	0.303
2004-02-11	0.320	0.269
2004-02-12	0.323	0.303
2004-02-13	0.333	0.286
2004-02-17	0.323	0.294
2004-02-18	0.330	0.277
2004-02-19	0.333	0.311
2004-02-20	0.333	0.294
2004-02-23	0.313	0.286
2004-02-24	0.302	0.269
2004-02-25	0.316	0.277
2004-02-26	0.275	0.336
2004-02-27	0.302	0.370
2004-03-01	0.302	0.361
2004-03-02	0.296	0.361
2004-03-03	0.285	0.370
2004-03-04	0.268	0.370
2004-03-05	0.268	0.378
2004-03-08	0.271	0.370
2004-03-09	0.254	0.370
2004-03-10	0.258	0.387
2004-03-11	0.247	0.370
2004-03-12	0.237	0.328
2004-03-15	0.237	0.286
2004-03-16	0.220	0.269
2004-03-17	0.216	0.328
2004-03-18	0.216	0.303
2004-03-19	0.220	0.303
2004-03-22	0.213	0.269
2004-03-23	0.230	0.303
2004-03-24	0.230	0.311
2004-03-25	0.230	0.319
2004-03-26	0.220	0.328
2004-03-29	0.223	0.336
2004-03-30	0.230	0.328
2004-03-31	0.254	0.311
2004-04-01	0.237	0.328
2004-04-02	0.258	0.361
2004-04-05	0.271	0.395
2004-04-06	0.268	0.370
2004-04-07	0.258	0.412
2004-04-08	0.247	0.437
2004-04-12	0.265	0.429
2004-04-13	0.271	0.479
2004-04-14	0.265	0.445
2004-04-15	0.265	0.462
2004-04-16	0.258	0.429
2004-04-19	0.254	0.429
2004-04-20	0.247	0.479
2004-04-21	0.247	0.462
2004-04-22	0.275	0.437
2004-04-23	0.278	0.479
2004-04-26	0.309	0.588
2004-04-27	0.316	0.613
2004-04-28	0.347	0.613
2004-04-29	0.333	0.613
2004-04-30	0.326	0.605
2004-05-03	0.340	0.630
2004-05-04	0.330	0.580
2004-05-05	0.340	0.580
2004-05-06	0.354	0.538
2004-05-07	0.357	0.597
2004-05-10	0.347	0.538
2004-05-11	0.354	0.521
2004-05-12	0.364	0.454
2004-05-13	0.368	0.487
2004-05-14	0.361	0.487
2004-05-17	0.354	0.454
2004-05-18	0.354	0.487
2004-05-19	0.368	0.555
2004-05-20	0.354	0.513
2004-05-21	0.364	0.546
2004-05-24	0.399	0.529
2004-05-25	0.381	0.496
2004-05-26	0.378	0.513
2004-05-27	0.416	0.513
2004-05-28	0.405	0.513
2004-06-01	0.405	0.487
2004-06-02	0.430	0.504
2004-06-03	0.419	0.513
2004-06-04	0.436	0.513
2004-06-07	0.450	0.462
2004-06-08	0.447	0.487
2004-06-09	0.478	0.521
2004-06-10	0.474	0.496
2004-06-14	0.491	0.521
2004-06-15	0.495	0.538
2004-06-16	0.512	0.546
2004-06-17	0.502	0.563
2004-06-18	0.509	0.555
2004-06-21	0.505	0.597
2004-06-22	0.505	0.613
2004-06-23	0.522	0.647
2004-06-24	0.515	0.689
2004-06-25	0.553	0.672
2004-06-28	0.522	0.697
2004-06-29	0.529	0.706
2004-06-30	0.540	0.689
2004-07-01	0.519	0.689
2004-07-02	0.512	0.639
2004-07-06	0.519	0.647
2004-07-07	0.519	0.639
2004-07-08	0.550	0.655
2004-07-09	0.546	0.630
2004-07-12	0.546	0.622
2004-07-13	0.550	0.647
2004-07-14	0.526	0.622
2004-07-15	0.526	0.613
2004-07-16	0.533	0.639
2004-07-19	0.519	0.639
2004-07-20	0.512	0.655
2004-07-21	0.498	0.714
2004-07-22	0.481	0.672
2004-07-23	0.488	0.681
2004-07-26	0.491	0.672
2004-07-27	0.512	0.714
2004-07-28	0.536	0.756
2004-07-29	0.550	0.756
2004-07-30	0.584	0.748
2004-08-02	0.581	0.723
2004-08-03	0.588	0.723
2004-08-04	0.595	0.689
2004-08-05	0.591	0.748
2004-08-06	0.560	0.697
2004-08-09	0.574	0.630
2004-08-10	0.581	0.630
2004-08-11	0.588	0.580
2004-08-12	0.595	0.605
2004-08-13	0.605	0.630
2004-08-16	0.622	0.630
2004-08-17	0.598	0.639
2004-08-18	0.591	0.605
2004-08-19	0.581	0.605
2004-08-20	0.577	0.588
2004-08-23	0.588	0.630
2004-08-24	0.595	0.639
2004-08-25	0.632	0.630
2004-08-26	0.619	0.647
2004-08-27	0.612	0.672
2004-08-30	0.622	0.672
2004-08-31	0.625	0.639
2004-09-01	0.629	0.655
2004-09-02	0.646	0.647
2004-09-03	0.639	0.672
2004-09-07	0.653	0.697
2004-09-08	0.663	0.689
2004-09-09	0.636	0.664
2004-09-10	0.656	0.672
2004-09-13	0.656	0.681
2004-09-14	0.643	0.664
2004-09-15	0.646	0.689
2004-09-16	0.667	0.681
2004-09-17	0.680	0.655
2004-09-20	0.677	0.647
2004-09-21	0.663	0.630
2004-09-22	0.656	0.630
2004-09-23	0.643	0.613
2004-09-24	0.646	0.630
2004-09-27	0.636	0.639
2004-09-28	0.619	0.613
2004-09-29	0.574	0.639
2004-09-30	0.591	0.605
2004-10-01	0.595	0.630
2004-10-04	0.584	0.697
2004-10-05	0.560	0.731
2004-10-06	0.574	0.697
2004-10-07	0.560	0.697
2004-10-08	0.533	0.706
2004-10-11	0.536	0.706
2004-10-12	0.543	0.655
2004-10-13	0.550	0.639
2004-10-14	0.564	0.647
2004-10-15	0.557	0.630
2004-10-18	0.529	0.639
2004-10-19	0.533	0.706
2004-10-20	0.526	0.697
2004-10-21	0.540	0.714
2004-10-22	0.553	0.739
2004-10-25	0.540	0.681
2004-10-26	0.546	0.655
2004-10-27	0.529	0.647
2004-10-28	0.519	0.689
2004-10-29	0.519	0.664
2004-11-01	0.519	0.681
2004-11-02	0.515	0.706
2004-11-03	0.536	0.689
2004-11-04	0.495	0.664
2004-11-05	0.509	0.647
2004-11-08	0.536	0.672
2004-11-09	0.550	0.655
2004-11-10	0.577	0.706
2004-11-11	0.591	0.782
2004-11-12	0.564	0.748
2004-11-15	0.567	0.714
2004-11-16	0.577	0.714
2004-11-17	0.591	0.681
2004-11-18	0.591	0.681
2004-11-19	0.577	0.714
2004-11-22	0.574	0.689
2004-11-23	0.588	0.706
2004-11-24	0.574	0.697
2004-11-26	0.570	0.639
2004-11-29	0.564	0.630
2004-11-30	0.567	0.630
2004-12-01	0.577	0.630
2004-12-02	0.584	0.664
2004-12-03	0.595	0.655
2004-12-06	0.581	0.639
2004-12-07	0.570	0.681
2004-12-08	0.533	0.647
2004-12-09	0.526	0.622
2004-12-10	0.515	0.630
2004-12-13	0.509	0.555
2004-12-14	0.502	0.479
2004-12-15	0.495	0.496
2004-12-16	0.488	0.462
2004-12-17	0.529	0.487
2004-12-20	0.529	0.513
2004-12-21	0.522	0.521
2004-12-22	0.533	0.529
2004-12-23	0.519	0.504
2004-12-27	0.515	0.504
2004-12-28	0.509	0.496
2004-12-29	0.474	0.496
2004-12-30	0.471	0.479
2004-12-31	0.467	0.479
2005-01-03	0.457	0.504
2005-01-04	0.447	0.496
2005-01-05	0.474	0.487
2005-01-06	0.460	0.529
2005-01-07	0.457	0.555
2005-01-10	0.471	0.571
2005-01-11	0.478	0.597
2005-01-12	0.502	0.563
2005-01-13	0.478	0.630
2005-01-14	0.478	0.639
2005-01-18	0.491	0.639
2005-01-19	0.491	0.630
2005-01-20	0.488	0.664
2005-01-21	0.474	0.655
2005-01-24	0.467	0.664
2005-01-25	0.467	0.664
2005-01-26	0.460	0.647
2005-01-27	0.491	0.655
2005-01-28	0.464	0.655
2005-01-31	0.471	0.672
2005-02-01	0.474	0.672
2005-02-02	0.505	0.664
2005-02-03	0.502	0.630
2005-02-04	0.502	0.622
2005-02-07	0.502	0.639
2005-02-08	0.529	0.639
2005-02-09	0.560	0.647
2005-02-10	0.546	0.639
2005-02-11	0.543	0.655
2005-02-14	0.540	0.647
2005-02-15	0.546	0.664
2005-02-16	0.529	0.672
2005-02-17	0.536	0.689
2005-02-18	0.509	0.706
2005-02-22	0.512	0.664
2005-02-23	0.522	0.647
2005-02-24	0.543	0.664
2005-02-25	0.560	0.647
2005-02-28	0.570	0.655
2005-03-01	0.546	0.672
2005-03-02	0.570	0.664
2005-03-03	0.629	0.647
2005-03-04	0.643	0.639
2005-03-07	0.636	0.622
2005-03-08	0.639	0.647
2005-03-09	0.643	0.613
2005-03-10	0.646	0.580
2005-03-11	0.646	0.563
2005-03-14	0.643	0.546
2005-03-15	0.677	0.588
2005-03-16	0.643	0.571
2005-03-17	0.643	0.571
2005-03-18	0.649	0.563
2005-03-21	0.649	0.571
2005-03-22	0.677	0.588
2005-03-23	0.667	0.639
2005-03-24	0.667	0.647
2005-03-28	0.701	0.639
2005-03-29	0.687	0.655
2005-03-30	0.711	0.647
2005-03-31	0.701	0.639
2005-04-01	0.722	0.681
2005-04-04	0.704	0.647
2005-04-05	0.698	0.647
2005-04-06	0.694	0.672
2005-04-07	0.701	0.689
2005-04-08	0.704	0.689
2005-04-11	0.729	0.672
2005-04-12	0.691	0.622
2005-04-13	0.718	0.655
2005-04-14	0.718	0.706
2005-04-15	0.715	0.706
2005-04-18	0.708	0.655
2005-04-19	0.732	0.655
2005-04-20	0.729	0.681
2005-04-21	0.749	0.630
2005-04-22	0.725	0.664
2005-04-25	0.763	0.647
2005-04-26	0.759	0.647
2005-04-27	0.773	0.605
2005-04-28	0.766	0.613
2005-04-29	0.770	0.597
2005-05-02	0.756	0.605
2005-05-03	0.773	0.613
2005-05-04	0.763	0.597
2005-05-05	0.749	0.605
2005-05-06	0.790	0.630
2005-05-09	0.766	0.622
2005-05-10	0.797	0.613
2005-05-11	0.773	0.580
2005-05-12	0.794	0.605
2005-05-13	0.773	0.605
2005-05-16	0.780	0.571
2005-05-17	0.784	0.588
2005-05-18	0.787	0.622
2005-05-19	0.770	0.605
2005-05-20	0.787	0.622
2005-05-23	0.773	0.639
2005-05-24	0.790	0.630
2005-05-25	0.773	0.639
2005-05-26	0.808	0.655
2005-05-27	0.808	0.664
2005-05-31	0.842	0.697
2005-06-01	0.825	0.672
2005-06-02	0.838	0.655
2005-06-03	0.859	0.681
2005-06-06	0.880	0.647
2005-06-07	0.873	0.647
2005-06-08	0.856	0.639
2005-06-09	0.863	0.647
2005-06-10	0.856	0.672
2005-06-13	0.849	0.672
2005-06-14	0.797	0.647
2005-06-15	0.835	0.622
2005-06-16	0.808	0.639
2005-06-17	0.825	0.655
2005-06-20	0.801	0.664
2005-06-21	0.777	0.714
2005-06-22	0.787	0.756
2005-06-23	0.770	0.824
2005-06-24	0.746	0.824
2005-06-27	0.784	0.807
2005-06-28	0.787	0.815
2005-06-29	0.766	0.840
2005-06-30	0.904	0.857
2005-07-01	0.863	0.857
2005-07-05	0.866	0.824
2005-07-06	0.849	0.866
2005-07-07	0.869	0.815
2005-07-08	0.845	0.815
2005-07-11	0.832	0.832
2005-07-12	0.808	0.832
2005-07-13	0.814	0.815
2005-07-14	0.811	0.815
2005-07-15	0.811	0.840
2005-07-18	0.821	0.849
2005-07-19	0.814	0.849
2005-07-20	0.838	0.840
2005-07-21	0.842	0.840
2005-07-22	0.845	0.807
2005-07-25	0.845	0.807
2005-07-26	0.852	0.832
2005-07-27	0.852	0.882
2005-07-28	0.825	0.882
2005-07-29	0.838	0.891
2005-08-01	0.828	0.874
2005-08-02	0.832	0.874
2005-08-03	0.838	0.874
2005-08-04	0.842	0.899
2005-08-05	0.856	0.899
2005-08-08	0.856	0.908
2005-08-09	0.873	0.891
2005-08-10	0.845	0.924
2005-08-11	0.869	0.882
2005-08-12	0.859	0.857
2005-08-15	0.880	0.857
2005-08-16	0.866	0.866
2005-08-17	0.887	0.832
2005-08-18	0.880	0.840
2005-08-19	0.893	0.866
2005-08-22	0.907	0.874
2005-08-23	0.904	0.866
2005-08-24	0.907	0.899
2005-08-25	0.904	0.882
2005-08-26	0.890	0.882
2005-08-29	0.914	0.874
2005-08-30	0.897	0.866
2005-08-31	0.887	0.882
2005-09-01	0.856	0.866
2005-09-02	0.814	0.857
2005-09-06	0.811	0.899
2005-09-07	0.794	0.908
2005-09-08	0.801	0.924
2005-09-09	0.811	0.908
2005-09-12	0.804	0.916
2005-09-13	0.825	0.908
2005-09-14	0.797	0.899
2005-09-15	0.821	0.908
2005-09-16	0.797	0.924
2005-09-19	0.790	0.933
2005-09-20	0.787	0.950
2005-09-21	0.773	0.941
2005-09-22	0.770	0.924
2005-09-23	0.787	0.983
2005-09-26	0.828	1.076
2005-09-27	0.880	1.034
2005-09-28	0.897	1.067
2005-09-29	0.883	1.034
2005-09-30	0.900	1.017
2005-10-03	0.880	1.050
2005-10-04	0.924	1.084
2005-10-05	0.924	1.076
2005-10-06	0.959	1.050
2005-10-07	0.935	1.042
2005-10-10	0.966	1.076
2005-10-11	0.935	1.118
2005-10-12	0.973	1.101
2005-10-13	0.942	1.084
2005-10-14	0.955	1.076
2005-10-17	0.942	1.059
2005-10-18	0.959	1.067
2005-10-19	0.966	0.983
2005-10-20	0.962	1.000
2005-10-21	0.924	0.983
2005-10-24	0.928	0.966
2005-10-25	0.924	0.975
2005-10-26	0.876	1.008
2005-10-27	0.866	1.000
2005-10-28	0.883	0.958
2005-10-31	0.842	1.008
2005-11-01	0.859	1.025
2005-11-02	0.832	1.017
2005-11-03	0.845	1.050
2005-11-04	0.838	1.042
2005-11-07	0.845	1.059
2005-11-08	0.832	1.067
2005-11-09	0.821	1.059
2005-11-10	0.845	1.034
2005-11-11	0.818	1.042
2005-11-14	0.845	1.034
2005-11-15	0.873	1.025
2005-11-16	0.883	1.034
2005-11-17	0.869	1.025
2005-11-18	0.842	1.025
2005-11-21	0.890	1.025
2005-11-22	0.883	1.017
2005-11-23	0.887	1.059
2005-11-25	0.873	1.050
2005-11-28	0.876	1.067
2005-11-29	0.890	1.084
2005-11-30	0.876	1.118
2005-12-01	0.893	1.092
2005-12-02	0.887	1.109
2005-12-05	0.883	1.185
2005-12-06	0.893	1.176
2005-12-07	0.904	1.185
2005-12-08	0.918	1.185
2005-12-09	0.900	1.185
2005-12-12	0.914	1.202
2005-12-13	0.914	1.176
2005-12-14	0.928	1.160
2005-12-15	0.914	1.134
2005-12-16	0.918	1.143
2005-12-19	0.907	1.160
2005-12-20	0.931	1.151
2005-12-21	0.914	1.193
2005-12-22	0.931	1.202
2005-12-23	0.938	1.185
2005-12-27	0.928	1.210
2005-12-28	0.938	1.185
2005-12-29	0.948	1.185
2005-12-30	0.935	1.151
2006-01-03	0.907	1.134
2006-01-04	0.921	1.118
2006-01-05	0.897	1.092
2006-01-06	0.852	1.076
2006-01-09	0.832	1.042
2006-01-10	0.842	1.017
2006-01-11	0.863	1.050
2006-01-12	0.863	1.084
2006-01-13	0.856	1.067
2006-01-17	0.838	1.059
2006-01-18	0.838	1.025
2006-01-19	0.821	1.050
2006-01-20	0.811	1.067
2006-01-23	0.821	1.042
2006-01-24	0.835	1.034
2006-01-25	0.818	1.067
2006-01-26	0.852	1.034
2006-01-27	0.835	1.084
2006-01-30	0.845	1.109
2006-01-31	0.835	1.118
2006-02-01	0.918	1.143
2006-02-02	0.938	1.143
2006-02-03	0.928	1.160
2006-02-06	0.931	1.143
2006-02-07	0.959	1.168
2006-02-08	0.948	1.134
2006-02-09	0.959	1.126
2006-02-10	0.966	1.084
2006-02-13	0.962	1.118
2006-02-14	0.959	1.076
2006-02-15	0.945	1.034
2006-02-16	0.935	1.025
2006-02-17	0.948	1.084
2006-02-21	0.955	1.076
2006-02-22	0.976	1.067
2006-02-23	0.973	1.101
2006-02-24	0.979	1.050
2006-02-27	0.969	1.059
2006-02-28	0.952	1.017
2006-03-01	0.942	1.042
2006-03-02	0.942	1.025
2006-03-03	0.959	1.042
2006-03-06	0.952	1.092
2006-03-07	0.969	1.092
2006-03-08	0.959	1.050
2006-03-09	0.993	1.076
2006-03-10	1.007	1.092
2006-03-13	1.003	1.101
2006-03-14	1.000	1.050
2006-03-15	1.007	1.067
2006-03-16	1.021	1.134
2006-03-17	1.048	1.202
2006-03-20	1.058	1.210
2006-03-21	1.072	1.218
2006-03-22	1.069	1.202
2006-03-23	1.055	1.252
2006-03-24	1.076	1.269
2006-03-27	1.069	1.252
2006-03-28	1.058	1.252
2006-03-29	1.089	1.227
2006-03-30	1.072	1.244
2006-03-31	1.069	1.261
2006-04-03	1.065	1.269
2006-04-04	1.069	1.202
2006-04-05	1.072	1.101
2006-04-06	1.096	1.067
2006-04-07	1.110	1.067
2006-04-10	1.141	1.092
2006-04-11	1.151	1.118
2006-04-12	1.220	1.101
2006-04-13	1.210	1.101
2006-04-17	1.203	1.109
2006-04-18	1.189	1.059
2006-04-19	1.230	1.025
2006-04-20	1.241	1.008
2006-04-21	1.265	1.050
2006-04-24	1.261	1.042
2006-04-25	1.247	1.050
2006-04-26	1.234	1.084
2006-04-27	1.206	1.025
2006-04-28	1.189	1.008
2006-05-01	1.210	1.017
2006-05-02	1.234	0.983
2006-05-03	1.258	0.916
2006-05-04	1.268	0.933
2006-05-05	1.292	0.924
2006-05-08	1.271	0.992
2006-05-09	1.282	1.017
2006-05-10	1.309	1.000
2006-05-11	1.320	0.992
2006-05-12	1.316	0.983
2006-05-15	1.278	0.908
2006-05-16	1.299	0.807
2006-05-17	1.265	0.840
2006-05-18	1.254	0.840
2006-05-19	1.296	0.815
2006-05-22	1.333	0.689
2006-05-23	1.330	0.807
2006-05-24	1.251	0.790
2006-05-25	1.241	0.790
2006-05-26	1.241	0.849
2006-05-30	1.241	0.807
2006-05-31	1.251	0.840
2006-06-01	1.237	0.798
2006-06-02	1.237	0.807
2006-06-05	1.230	0.782
2006-06-06	1.192	0.706
2006-06-07	1.227	0.790
2006-06-08	1.216	0.714
2006-06-09	1.210	0.782
2006-06-12	1.165	0.756
2006-06-13	1.162	0.748
2006-06-14	1.292	0.277
2006-06-15	1.320	0.336
2006-06-16	1.347	0.336
2006-06-19	1.347	0.361
2006-06-20	1.351	0.454
2006-06-21	1.357	0.403
2006-06-22	1.320	0.437
2006-06-23	1.302	0.487
2006-06-26	1.306	0.529
2006-06-27	1.271	0.496
2006-06-28	1.278	0.429
2006-06-29	1.241	0.437
2006-06-30	1.216	0.487
2006-07-03	1.182	0.462
2006-07-05	1.168	0.361
2006-07-06	1.179	0.387
2006-07-07	1.172	0.437
2006-07-10	1.179	0.429
2006-07-11	1.203	0.403
2006-07-12	1.210	0.437
2006-07-13	1.203	0.420
2006-07-14	1.148	0.403
2006-07-17	1.199	0.378
2006-07-18	1.199	0.345
2006-07-19	1.244	0.378
2006-07-20	1.220	0.420
2006-07-21	1.192	0.429
2006-07-24	1.220	0.437
2006-07-25	1.268	0.395
2006-07-26	1.165	0.403
2006-07-27	1.141	0.462
2006-07-28	1.120	0.445
2006-07-31	1.082	0.487
2006-08-01	1.113	0.513
2006-08-02	1.113	0.529
2006-08-03	1.131	0.513
2006-08-04	1.134	0.538
2006-08-07	1.148	0.555
2006-08-08	1.113	0.605
2006-08-09	1.096	0.630
2006-08-10	1.058	0.538
2006-08-11	1.062	0.496
2006-08-14	1.041	0.521
2006-08-15	1.048	0.513
2006-08-16	1.093	0.538
2006-08-17	1.082	0.513
2006-08-18	1.048	0.496
2006-08-21	1.031	0.471
2006-08-22	1.034	0.462
2006-08-23	1.031	0.437
2006-08-24	0.997	0.462
2006-08-25	0.962	0.462
2006-08-28	0.973	0.462
2006-08-29	0.945	0.479
2006-08-30	0.976	0.513
2006-08-31	0.973	0.521
2006-09-01	0.976	0.496
2006-09-05	0.973	0.479
2006-09-06	0.969	0.471
2006-09-07	0.935	0.412
2006-09-08	0.924	0.454
2006-09-11	0.952	0.454
2006-09-12	0.945	0.513
2006-09-13	0.990	0.496
2006-09-14	0.959	0.487
2006-09-15	0.952	0.496
2006-09-18	0.955	0.479
2006-09-19	0.952	0.445
2006-09-20	0.976	0.445
2006-09-21	0.983	0.420
2006-09-22	1.021	0.429
2006-09-25	1.014	0.429
2006-09-26	1.031	0.420
2006-09-27	1.041	0.429
2006-09-28	1.034	0.445
2006-09-29	1.027	0.429
2006-10-02	1.065	0.412
2006-10-03	1.107	0.429
2006-10-04	1.137	0.353
2006-10-05	1.124	0.311
2006-10-06	1.131	0.269
2006-10-09	1.103	0.252
2006-10-10	1.086	0.294
2006-10-11	1.079	0.311
2006-10-12	1.110	0.319
2006-10-13	1.072	0.311
2006-10-16	1.076	0.311
2006-10-17	1.072	0.277
2006-10-18	1.082	0.303
2006-10-19	1.072	0.303
2006-10-20	1.052	0.294
2006-10-23	1.065	0.269
2006-10-24	1.086	0.277
2006-10-25	1.010	0.269
2006-10-26	0.959	0.319
2006-10-27	0.990	0.311
2006-10-30	1.000	0.311
2006-10-31	0.993	0.294
2006-11-01	1.010	0.303
2006-11-02	0.990	0.303
2006-11-03	1.014	0.294
2006-11-06	1.003	0.294
2006-11-07	1.110	0.252
2006-11-08	1.120	0.294
2006-11-09	1.120	0.311
2006-11-10	1.131	0.336
2006-11-13	1.127	0.353
2006-11-14	1.113	0.328
2006-11-15	1.144	0.345
2006-11-16	1.179	0.361
2006-11-17	1.196	0.353
2006-11-20	1.186	0.336
2006-11-21	1.230	0.370
2006-11-22	1.203	0.429
2006-11-24	1.203	0.395
2006-11-27	1.172	0.361
2006-11-28	1.179	0.361
2006-11-29	1.182	0.353
2006-11-30	1.172	0.336
2006-12-01	1.203	0.378
2006-12-04	1.186	0.378
2006-12-05	1.203	0.361
2006-12-06	1.210	0.378
2006-12-07	1.199	0.412
2006-12-08	1.196	0.437
2006-12-11	1.182	0.437
2006-12-12	1.199	0.445
2006-12-13	1.179	0.429
2006-12-14	1.168	0.420
2006-12-15	1.186	0.437
2006-12-18	1.165	0.437
2006-12-19	1.175	0.429
2006-12-20	1.175	0.487
2006-12-21	1.179	0.529
2006-12-22	1.162	0.538
2006-12-26	1.155	0.529
2006-12-27	1.141	0.538
2006-12-28	1.148	0.538
2006-12-29	1.151	0.546
2007-01-03	1.162	0.546
2007-01-04	1.168	0.521
2007-01-05	1.172	0.529
2007-01-08	1.165	0.504
2007-01-09	1.141	0.521
2007-01-10	1.168	0.487
2007-01-11	1.144	0.487
2007-01-12	1.117	0.471
2007-01-16	1.113	0.513
2007-01-17	1.134	0.471
2007-01-18	1.120	0.420
2007-01-19	1.131	0.429
2007-01-22	1.069	0.454
2007-01-23	1.103	0.454
2007-01-24	1.089	0.462
2007-01-25	1.079	0.471
2007-01-26	1.065	0.454
2007-01-29	1.069	0.479
2007-01-30	1.069	0.487
2007-01-31	1.141	0.487
2007-02-01	1.165	0.487
2007-02-02	1.137	0.487
2007-02-05	1.155	0.462
2007-02-06	1.158	0.462
2007-02-07	1.141	0.471
2007-02-08	1.124	0.471
2007-02-09	1.151	0.454
2007-02-12	1.137	0.445
2007-02-13	1.124	0.454
2007-02-14	1.124	0.445
2007-02-15	1.165	0.445
2007-02-16	1.148	0.454
2007-02-20	1.144	0.496
2007-02-21	1.144	0.487
2007-02-22	1.137	0.479
2007-02-23	1.137	0.496
2007-02-26	1.110	0.504
2007-02-27	1.141	0.529
2007-02-28	1.131	0.546
2007-03-01	1.151	0.471
2007-03-02	1.155	0.429
2007-03-05	1.175	0.412
2007-03-06	1.162	0.395
2007-03-07	1.189	0.429
2007-03-08	1.179	0.420
2007-03-09	1.192	0.353
2007-03-12	1.227	0.336
2007-03-13	1.230	0.370
2007-03-14	1.230	0.303
2007-03-15	1.247	0.311
2007-03-16	1.230	0.336
2007-03-19	1.213	0.294
2007-03-20	1.196	0.311
2007-03-21	1.175	0.277
2007-03-22	1.168	0.303
2007-03-23	1.179	0.328
2007-03-26	1.172	0.336
2007-03-27	1.179	0.311
2007-03-28	1.168	0.319
2007-03-29	1.168	0.370
2007-03-30	1.151	0.370
2007-04-02	1.144	0.378
2007-04-03	1.148	0.395
2007-04-04	1.155	0.395
2007-04-05	1.155	0.395
2007-04-09	1.141	0.395
2007-04-10	1.155	0.403
2007-04-11	1.148	0.403
2007-04-12	1.158	0.370
2007-04-13	1.155	0.370
2007-04-16	1.113	0.370
2007-04-17	1.113	0.361
2007-04-18	1.192	0.353
2007-04-19	1.172	0.345
2007-04-20	1.158	0.345
2007-04-23	1.172	0.345
2007-04-24	1.175	0.336
2007-04-25	1.175	0.336
2007-04-26	1.168	0.336
2007-04-27	1.162	0.328
2007-04-30	1.155	0.345
2007-05-01	1.155	0.345
2007-05-02	1.155	0.319
2007-05-03	1.148	0.294
2007-05-04	1.137	0.303
2007-05-07	1.151	0.311
2007-05-08	1.148	0.303
2007-05-09	1.137	0.303
2007-05-10	1.137	0.311
2007-05-11	1.131	0.294
2007-05-14	1.137	0.286
2007-05-15	1.158	0.269
2007-05-16	1.165	0.244
2007-05-17	1.199	0.261
2007-05-18	1.182	0.294
2007-05-21	1.182	0.286
2007-05-22	1.175	0.286
2007-05-23	1.158	0.303
2007-05-24	1.220	0.294
2007-05-25	1.227	0.294
2007-05-29	1.230	0.286
2007-05-30	1.258	0.261
2007-05-31	1.258	0.286
2007-06-01	1.234	0.277
2007-06-04	1.234	0.286
2007-06-05	1.234	0.261
2007-06-06	1.227	0.252
2007-06-07	1.234	0.252
2007-06-08	1.237	0.244
2007-06-11	1.220	0.261
2007-06-12	1.220	0.261
2007-06-13	1.234	0.261
2007-06-14	1.234	0.294
2007-06-15	1.199	0.328
2007-06-18	1.186	0.328
2007-06-19	1.172	0.328
2007-06-20	1.182	0.345
2007-06-21	1.196	0.311
2007-06-22	1.192	0.345
2007-06-25	1.192	0.345
2007-06-26	1.186	0.336
2007-06-27	1.158	0.336
2007-06-28	1.172	0.345
2007-06-29	1.199	0.345
2007-07-02	1.189	0.328
2007-07-03	1.199	0.319
2007-07-05	1.216	0.328
2007-07-06	1.220	0.336
2007-07-09	1.241	0.336
2007-07-10	1.282	0.328
2007-07-11	1.265	0.311
2007-07-12	1.237	0.303
2007-07-13	1.254	0.294
2007-07-16	1.265	0.311
2007-07-17	1.265	0.294
2007-07-18	1.265	0.261
2007-07-19	1.268	0.286
2007-07-20	1.326	0.277
2007-07-23	1.320	0.277
2007-07-24	1.361	0.277
2007-07-25	1.426	0.277
2007-07-26	1.402	0.261
2007-07-27	1.443	0.294
2007-07-30	1.460	0.269
2007-07-31	1.443	0.286
2007-08-01	1.450	0.252
2007-08-02	1.474	0.269
2007-08-03	1.498	0.286
2007-08-06	1.443	0.235
2007-08-07	1.402	0.202
2007-08-08	1.357	0.218
2007-08-09	1.323	0.244
2007-08-10	1.326	0.210
2007-08-13	1.368	0.235
2007-08-14	1.351	0.244
2007-08-15	1.333	0.244
2007-08-16	1.258	0.210
2007-08-17	1.278	0.151
2007-08-20	1.309	0.176
2007-08-21	1.302	0.202
2007-08-22	1.299	0.210
2007-08-23	1.271	0.210
2007-08-24	1.289	0.210
2007-08-27	1.309	0.227
2007-08-28	1.296	0.227
2007-08-29	1.275	0.227
2007-08-30	1.282	0.244
2007-08-31	1.254	0.244
2007-09-04	1.213	0.235
2007-09-05	1.237	0.210
2007-09-06	1.237	0.202
2007-09-07	1.241	0.168
2007-09-10	1.258	0.176
2007-09-11	1.275	0.176
2007-09-12	1.296	0.160
2007-09-13	1.292	0.151
2007-09-14	1.299	0.160
2007-09-17	1.296	0.151
2007-09-18	1.227	0.126
2007-09-19	1.247	0.134
2007-09-20	1.292	0.118
2007-09-21	1.309	0.118
2007-09-24	1.333	0.134
2007-09-25	1.378	0.143
2007-09-26	1.354	0.160
2007-09-27	1.368	0.160
2007-09-28	1.364	0.185
2007-10-01	1.368	0.176
2007-10-02	1.354	0.185
2007-10-03	1.337	0.185
2007-10-04	1.326	0.193
2007-10-05	1.254	0.202
2007-10-08	1.237	0.202
2007-10-09	1.227	0.202
2007-10-10	1.172	0.227
2007-10-11	1.127	0.252
2007-10-12	1.127	0.277
2007-10-15	1.103	0.277
2007-10-16	1.144	0.261
2007-10-17	1.131	0.277
2007-10-18	1.162	0.261
2007-10-19	1.151	0.336
2007-10-22	1.165	0.336
2007-10-23	1.148	0.345
2007-10-24	1.137	0.345
2007-10-25	1.179	0.370
2007-10-26	1.148	0.345
2007-10-29	1.162	0.311
2007-10-30	1.186	0.303
2007-10-31	1.186	0.269
2007-11-01	1.199	0.269
2007-11-02	1.227	0.277
2007-11-05	1.241	0.235
2007-11-06	1.210	0.210
2007-11-07	1.258	0.227
2007-11-08	1.244	0.303
2007-11-09	1.227	0.286
2007-11-12	1.216	0.336
2007-11-13	1.175	0.303
2007-11-14	1.168	0.328
2007-11-15	1.162	0.345
2007-11-16	1.120	0.319
2007-11-19	1.117	0.294
2007-11-20	1.096	0.277
2007-11-21	1.120	0.252
2007-11-23	1.137	0.252
2007-11-26	1.196	0.277
2007-11-27	1.206	0.269
2007-11-28	1.189	0.252
2007-11-29	1.179	0.252
2007-11-30	1.148	0.244
2007-12-03	1.141	0.227
2007-12-04	1.113	0.210
2007-12-05	1.100	0.218
2007-12-06	1.093	0.210
2007-12-07	1.127	0.210
2007-12-10	1.100	0.227
2007-12-11	1.062	0.269
2007-12-12	1.010	0.277
2007-12-13	1.045	0.244
2007-12-14	1.069	0.277
2007-12-17	1.076	0.303
2007-12-18	1.058	0.294
2007-12-19	1.048	0.277
2007-12-20	1.052	0.294
2007-12-21	1.062	0.269
2007-12-24	1.069	0.269
2007-12-26	1.065	0.269
2007-12-27	1.069	0.261
2007-12-28	1.052	0.252
2007-12-31	1.048	0.252
2008-01-02	1.058	0.244
2008-01-03	1.065	0.235
2008-01-04	1.089	0.235
2008-01-07	1.010	0.143
2008-01-08	0.976	0.168
2008-01-09	0.959	0.126
2008-01-10	0.993	0.143
2008-01-11	0.976	0.143
2008-01-14	0.983	0.151
2008-01-15	0.938	0.134
2008-01-16	1.000	0.134
2008-01-17	1.048	0.134
2008-01-18	1.034	0.084
2008-01-22	1.034	0.059
2008-01-23	0.966	0.008
2008-01-24	0.973	0.034
2008-01-25	0.990	0.101
2008-01-28	0.969	0.059
2008-01-29	1.041	0.101
2008-01-30	1.100	0.092
2008-01-31	1.072	0.042
2008-02-01	1.038	0.059
2008-02-04	1.062	0.067
2008-02-05	1.100	0.034
2008-02-06	1.069	0.042
2008-02-07	1.052	0.000
2008-02-08	1.048	0.034
2008-02-11	1.082	0.008
2008-02-12	1.127	0.050
2008-02-13	1.148	0.025
2008-02-14	1.172	0.076
2008-02-15	1.168	0.034
2008-02-19	1.175	0.109
2008-02-20	1.124	0.109
2008-02-21	1.100	0.126
2008-02-22	1.110	0.109
2008-02-25	1.120	0.143
2008-02-26	1.103	0.176
2008-02-27	1.089	0.143
2008-02-28	1.131	0.109
2008-02-29	1.137	0.101
2008-03-03	1.082	0.202
2008-03-04	1.062	0.151
2008-03-05	1.079	0.168
2008-03-06	1.096	0.143
2008-03-07	1.034	0.134
2008-03-10	1.007	0.143
2008-03-11	0.911	0.025
2008-03-12	0.904	0.050
2008-03-13	0.938	0.008
2008-03-14	1.034	0.025
2008-03-17	1.031	-0.092
2008-03-18	0.976	-0.126
2008-03-19	0.945	-0.126
2008-03-20	0.935	-0.134
2008-03-24	0.942	-0.143
2008-03-25	0.928	-0.092
2008-03-26	0.955	-0.092
2008-03-27	0.924	-0.050
2008-03-28	0.921	-0.059
2008-03-31	0.931	-0.050
2008-04-01	0.904	-0.034
2008-04-02	0.931	-0.025
2008-04-03	0.911	-0.050
2008-04-04	0.897	-0.034
2008-04-07	0.876	-0.042
2008-04-08	0.887	-0.042
2008-04-09	0.993	-0.059
2008-04-10	0.979	-0.059
2008-04-11	0.983	-0.050
2008-04-14	0.997	-0.059
2008-04-15	0.948	-0.067
2008-04-16	0.931	-0.076
2008-04-17	0.935	-0.059
2008-04-18	0.945	-0.042
2008-04-21	0.959	-0.084
2008-04-22	0.962	-0.084
2008-04-23	1.045	-0.109
2008-04-24	1.055	-0.118
2008-04-25	1.086	-0.076
2008-04-28	1.093	-0.059
2008-04-29	1.113	-0.067
2008-04-30	1.103	-0.017
2008-05-01	1.082	-0.034
2008-05-02	1.082	0.008
2008-05-05	1.096	-0.025
2008-05-06	1.086	-0.042
2008-05-07	1.086	-0.025
2008-05-08	1.082	-0.050
2008-05-09	1.079	-0.059
2008-05-12	1.076	-0.059
2008-05-13	1.082	-0.059
2008-05-14	1.089	-0.008
2008-05-15	1.065	-0.008
2008-05-16	1.055	0.000
2008-05-19	1.096	0.000
2008-05-20	1.069	-0.042
2008-05-21	1.007	-0.050
2008-05-22	1.007	-0.059
2008-05-23	1.034	-0.092
2008-05-27	1.055	-0.109
2008-05-28	1.031	-0.101
2008-05-29	1.017	-0.126
2008-05-30	1.031	-0.101
2008-06-02	1.014	-0.118
2008-06-03	0.948	-0.084
2008-06-04	0.948	-0.076
2008-06-05	0.893	-0.126
2008-06-06	0.849	-0.134
2008-06-09	0.866	-0.143
2008-06-10	0.863	-0.151
2008-06-11	0.887	-0.143
2008-06-12	0.900	-0.143
2008-06-13	0.897	-0.126
2008-06-16	0.897	-0.143
2008-06-17	0.893	-0.126
2008-06-18	0.918	-0.151
2008-06-19	0.969	-0.176
2008-06-20	0.976	-0.160
2008-06-23	0.973	-0.202
2008-06-24	0.955	-0.193
2008-06-25	0.811	-0.176
2008-06-26	0.828	-0.193
2008-06-27	0.797	-0.202
2008-06-30	0.763	-0.210
2008-07-01	0.749	-0.218
2008-07-02	0.742	-0.218
2008-07-03	0.753	-0.193
2008-07-07	0.763	-0.168
2008-07-08	0.780	-0.202
2008-07-09	0.811	-0.185
2008-07-10	0.808	-0.193
2008-07-11	0.756	-0.269
2008-07-14	0.766	-0.218
2008-07-15	0.808	-0.235
2008-07-16	0.811	-0.227
2008-07-17	0.825	-0.185
2008-07-18	0.859	-0.143
2008-07-21	0.863	-0.168
2008-07-22	0.863	-0.193
2008-07-23	0.787	-0.143
2008-07-24	0.715	-0.168
2008-07-25	0.742	-0.151
2008-07-28	0.735	-0.168
2008-07-29	0.718	-0.160
2008-07-30	0.708	-0.210
2008-07-31	0.656	-0.193
2008-08-01	0.691	-0.193
2008-08-04	0.687	-0.168
2008-08-05	0.742	-0.134
2008-08-06	0.742	-0.134
2008-08-07	0.756	-0.101
2008-08-08	0.797	-0.034
2008-08-11	0.753	-0.025
2008-08-12	0.756	0.000
2008-08-13	0.718	-0.008
2008-08-14	0.722	-0.034
2008-08-15	0.704	0.017
2008-08-18	0.711	0.000
2008-08-19	0.708	-0.042
2008-08-20	0.704	-0.050
2008-08-21	0.708	-0.067
2008-08-22	0.742	-0.025
2008-08-25	0.739	-0.034
2008-08-26	0.715	-0.008
2008-08-27	0.729	-0.025
2008-08-28	0.753	0.008
2008-08-29	0.756	0.008
2008-09-02	0.773	0.084
2008-09-03	0.780	0.067
2008-09-04	0.753	0.034
2008-09-05	0.739	-0.008
2008-09-08	0.732	0.008
2008-09-09	0.797	0.067
2008-09-10	0.722	0.092
2008-09-11	0.722	0.101
2008-09-12	0.739	0.042
2008-09-15	0.794	0.034
2008-09-16	0.749	-0.008
2008-09-17	0.694	-0.017
2008-09-18	0.656	-0.050
2008-09-19	0.636	-0.034
2008-09-22	0.674	-0.059
2008-09-23	0.656	-0.067
2008-09-24	0.663	-0.101
2008-09-25	0.632	-0.059
2008-09-26	0.653	-0.092
2008-09-29	0.722	-0.059
2008-09-30	0.691	-0.134
2008-10-01	0.677	-0.092
2008-10-02	0.653	-0.034
2008-10-03	0.684	-0.025
2008-10-06	0.667	-0.076
2008-10-07	0.701	-0.042
2008-10-08	0.663	-0.092
2008-10-09	0.677	-0.025
2008-10-10	0.598	-0.076
2008-10-13	0.612	-0.084
2008-10-14	0.553	-0.067
2008-10-15	0.601	-0.059
2008-10-16	0.625	-0.151
2008-10-17	0.629	-0.109
2008-10-20	0.629	-0.126
2008-10-21	0.670	-0.092
2008-10-22	0.643	-0.025
2008-10-23	0.759	-0.017
2008-10-24	0.773	0.059
2008-10-27	0.715	0.050
2008-10-28	0.787	0.042
2008-10-29	0.838	0.185
2008-10-30	0.825	0.143
2008-10-31	0.859	0.126
2008-11-03	0.880	0.218
2008-11-04	0.832	0.176
2008-11-05	0.787	0.193
2008-11-06	0.735	0.168
2008-11-07	0.718	0.126
2008-11-10	0.725	0.109
2008-11-11	0.680	0.109
2008-11-12	0.715	0.193
2008-11-13	0.629	0.092
2008-11-14	0.615	0.185
2008-11-17	0.663	0.176
2008-11-18	0.581	0.143
2008-11-19	0.598	0.151
2008-11-20	0.694	0.176
2008-11-21	0.701	0.118
2008-11-24	0.643	0.176
2008-11-25	0.612	0.185
2008-11-26	0.598	0.185
2008-11-28	0.636	0.168
2008-12-01	0.680	0.244
2008-12-02	0.646	0.202
2008-12-03	0.598	0.202
2008-12-04	0.595	0.227
2008-12-05	0.550	0.092
2008-12-08	0.619	0.101
2008-12-09	0.577	0.134
2008-12-10	0.595	0.118
2008-12-11	0.584	0.101
2008-12-12	0.533	0.118
2008-12-15	0.533	0.126
2008-12-16	0.577	0.059
2008-12-17	0.560	0.025
2008-12-18	0.595	0.050
2008-12-19	0.595	0.109
2008-12-22	0.622	0.084
2008-12-23	0.598	0.118
2008-12-24	0.588	0.092
2008-12-26	0.595	0.084
2008-12-29	0.581	0.126
2008-12-30	0.591	0.101
2008-12-31	0.622	0.118
2009-01-02	0.670	0.143
2009-01-05	0.711	0.218
2009-01-06	0.701	0.235
2009-01-07	0.698	0.261
2009-01-08	0.691	0.244
2009-01-09	0.715	0.294
2009-01-12	0.729	0.277
2009-01-13	0.674	0.294
2009-01-14	0.680	0.252
2009-01-15	0.667	0.261
2009-01-16	0.715	0.261
2009-01-20	0.722	0.387
2009-01-21	0.729	0.328
2009-01-22	0.756	0.311
2009-01-23	0.735	0.269
2009-01-26	0.766	0.319
2009-01-27	0.756	0.303
2009-01-28	0.701	0.328
2009-01-29	0.656	0.319
2009-01-30	0.759	0.395
2009-02-02	0.698	0.412
2009-02-03	0.725	0.361
2009-02-04	0.732	0.395
2009-02-05	0.735	0.361
2009-02-06	0.698	0.353
2009-02-09	0.691	0.387
2009-02-10	0.670	0.353
2009-02-11	0.663	0.361
2009-02-12	0.639	0.361
2009-02-13	0.684	0.378
2009-02-17	0.674	0.412
2009-02-18	0.656	0.378
2009-02-19	0.656	0.420
2009-02-20	0.622	0.361
2009-02-23	0.595	0.345
2009-02-24	0.574	0.244
2009-02-25	0.522	0.252
2009-02-26	0.491	0.328
2009-02-27	0.471	0.336
2009-03-02	0.447	0.319
2009-03-03	0.450	0.277
2009-03-04	0.460	0.303
2009-03-05	0.481	0.277
2009-03-06	0.512	0.244
2009-03-09	0.574	0.269
2009-03-10	0.577	0.227
2009-03-11	0.584	0.160
2009-03-12	0.540	0.092
2009-03-13	0.515	0.084
2009-03-16	0.543	0.092
2009-03-17	0.522	0.059
2009-03-18	0.460	0.008
2009-03-19	0.454	0.000
2009-03-20	0.457	0.008
2009-03-23	0.481	-0.059
2009-03-24	0.540	-0.042
2009-03-25	0.564	-0.076
2009-03-26	0.595	-0.101
2009-03-27	0.581	-0.084
2009-03-30	0.550	-0.092
2009-03-31	0.533	-0.076
2009-04-01	0.502	-0.067
2009-04-02	0.533	-0.050
2009-04-03	0.536	-0.042
2009-04-06	0.570	-0.034
2009-04-07	0.543	-0.017
2009-04-08	0.536	-0.050
2009-04-09	0.570	-0.084
2009-04-13	0.488	-0.084
2009-04-14	0.512	-0.059
2009-04-15	0.515	-0.034
2009-04-16	0.526	-0.034
2009-04-17	0.515	-0.008
2009-04-20	0.505	-0.042
2009-04-21	0.481	-0.050
2009-04-22	0.519	-0.017
2009-04-23	0.529	0.034
2009-04-24	0.536	0.109
2009-04-27	0.581	0.101
2009-04-28	0.560	0.076
2009-04-29	0.595	0.084
2009-04-30	0.577	0.059
2009-05-01	0.615	0.050
2009-05-04	0.598	0.042
2009-05-05	0.639	0.092
2009-05-06	0.653	0.101
2009-05-07	0.649	0.067
2009-05-08	0.694	0.092
2009-05-11	0.691	0.050
2009-05-12	0.667	0.017
2009-05-13	0.670	0.017
2009-05-14	0.670	0.050
2009-05-15	0.674	0.092
2009-05-18	0.677	0.092
2009-05-19	0.687	0.076
2009-05-20	0.694	0.092
2009-05-21	0.674	0.084
2009-05-22	0.663	0.042
2009-05-26	0.667	0.017
2009-05-27	0.677	0.101
2009-05-28	0.680	0.076
2009-05-29	0.677	0.050
2009-06-01	0.739	0.042
2009-06-02	0.790	0.067
2009-06-03	0.784	0.042
2009-06-04	0.845	0.042
2009-06-05	0.924	0.042
2009-06-08	0.935	0.067
2009-06-09	0.907	0.017
2009-06-10	0.914	0.000
2009-06-11	0.842	0.008
2009-06-12	0.869	0.008
2009-06-15	0.842	0.008
2009-06-16	0.838	0.025
2009-06-17	0.832	0.034
2009-06-18	0.832	0.042
2009-06-19	0.808	0.059
2009-06-22	0.804	0.042
2009-06-23	0.684	0.034
2009-06-24	0.577	0.067
2009-06-25	0.588	0.025
2009-06-26	0.567	0.067
2009-06-29	0.581	0.084
2009-06-30	0.588	0.050
2009-07-01	0.570	0.084
2009-07-02	0.564	0.084
2009-07-06	0.550	0.092
2009-07-07	0.522	0.084
2009-07-08	0.546	0.076
2009-07-09	0.529	0.076
2009-07-10	0.550	0.067
2009-07-13	0.543	0.059
2009-07-14	0.533	0.059
2009-07-15	0.522	0.076
2009-07-16	0.536	0.059
2009-07-17	0.512	0.084
2009-07-20	0.526	0.101
2009-07-21	0.550	0.118
2009-07-22	0.512	0.109
2009-07-23	0.478	0.109
2009-07-24	0.488	0.118
2009-07-27	0.478	0.084
2009-07-28	0.515	0.118
2009-07-29	0.529	0.143
2009-07-30	0.505	0.151
2009-07-31	0.495	0.134
2009-08-03	0.502	0.143
2009-08-04	0.509	0.118
2009-08-05	0.509	0.134
2009-08-06	0.570	0.126
2009-08-07	0.588	0.134
2009-08-10	0.560	0.151
2009-08-11	0.567	0.134
2009-08-12	0.584	0.143
2009-08-13	0.581	0.160
2009-08-14	0.536	0.151
2009-08-17	0.550	0.143
2009-08-18	0.519	0.126
2009-08-19	0.502	0.109
2009-08-20	0.526	0.134
2009-08-21	0.536	0.143
2009-08-24	0.581	0.185
2009-08-25	0.612	0.210
2009-08-26	0.598	0.185
2009-08-27	0.729	0.160
2009-08-28	0.704	0.202
2009-08-31	0.674	0.193
2009-09-01	0.680	0.193
2009-09-02	0.674	0.193
2009-09-03	0.660	0.185
2009-09-04	0.663	0.185
2009-09-08	0.660	0.210
2009-09-09	0.680	0.202
2009-09-10	0.663	0.244
2009-09-11	0.691	0.277
2009-09-14	0.670	0.244
2009-09-15	0.701	0.210
2009-09-16	0.684	0.202
2009-09-17	0.704	0.277
2009-09-18	0.704	0.294
2009-09-21	0.704	0.227
2009-09-22	0.704	0.227
2009-09-23	0.698	0.218
2009-09-24	0.694	0.202
2009-09-25	0.694	0.185
2009-09-28	0.715	0.193
2009-09-29	0.770	0.185
2009-09-30	0.759	0.218
2009-10-01	0.739	0.235
2009-10-02	0.722	0.185
2009-10-05	0.725	0.168
2009-10-06	0.704	0.160
2009-10-07	0.684	0.185
2009-10-08	0.687	0.185
2009-10-09	0.691	0.185
2009-10-12	0.649	0.193
2009-10-13	0.663	0.151
2009-10-14	0.653	0.109
2009-10-15	0.622	0.101
2009-10-16	0.680	0.092
2009-10-19	0.674	0.084
2009-10-20	0.636	0.059
2009-10-21	0.608	0.067
2009-10-22	0.605	0.059
2009-10-23	0.588	0.084
2009-10-26	0.557	0.059
2009-10-27	0.543	0.050
2009-10-28	0.557	0.025
2009-10-29	0.574	0.017
2009-10-30	0.584	0.034
2009-11-02	0.591	0.042
2009-11-03	0.581	0.042
2009-11-04	0.577	0.059
2009-11-05	0.605	0.042
2009-11-06	0.598	0.050
2009-11-09	0.615	0.025
2009-11-10	0.581	0.017
2009-11-11	0.584	-0.008
2009-11-12	0.588	0.025
2009-11-13	0.591	0.008
2009-11-16	0.625	0.042
2009-11-17	0.625	0.025
2009-11-18	0.612	0.025
2009-11-19	0.615	0.000
2009-11-20	0.629	-0.017
2009-11-23	0.636	-0.008
2009-11-24	0.615	-0.034
2009-11-25	0.639	-0.076
2009-11-27	0.653	-0.076
2009-11-30	0.643	-0.084
2009-12-01	0.663	-0.118
2009-12-02	0.667	-0.118
2009-12-03	0.680	-0.092
2009-12-04	0.698	-0.059
2009-12-07	0.739	-0.050
2009-12-08	0.753	-0.059
2009-12-09	0.739	-0.067
2009-12-10	0.715	-0.076
2009-12-11	0.729	-0.059
2009-12-14	0.729	-0.059
2009-12-15	0.725	-0.050
2009-12-16	0.708	-0.042
2009-12-17	0.708	-0.008
2009-12-18	0.667	-0.008
2009-12-21	0.674	0.008
2009-12-22	0.694	0.017
2009-12-23	0.684	0.017
2009-12-24	0.694	0.017
2009-12-28	0.680	0.017
2009-12-29	0.684	0.025
2009-12-30	0.677	0.025
2009-12-31	0.667	0.059
2010-01-04	0.704	0.034
2010-01-05	0.756	0.034
2010-01-06	0.808	0.042
2010-01-07	0.873	0.042
2010-01-08	0.849	0.050
2010-01-11	0.825	0.059
2010-01-12	0.828	0.042
2010-01-13	0.835	0.034
2010-01-14	0.842	0.042
2010-01-15	0.838	0.067
2010-01-19	0.811	0.084
2010-01-20	0.818	0.092
2010-01-21	0.821	0.084
2010-01-22	0.818	0.092
2010-01-25	0.811	0.067
2010-01-26	0.814	0.076
2010-01-27	0.938	0.059
2010-01-28	0.983	0.067
2010-01-29	0.938	0.109
2010-02-01	0.945	0.101
2010-02-02	0.928	0.109
2010-02-03	0.924	0.118
2010-02-04	0.918	0.126
2010-02-05	0.883	0.109
2010-02-08	0.883	0.118
2010-02-09	0.918	0.084
2010-02-10	0.914	0.084
2010-02-11	0.931	0.067
2010-02-12	0.907	0.076
2010-02-16	0.924	0.059
2010-02-17	0.931	0.109
2010-02-18	0.952	0.109
2010-02-19	0.969	0.126
2010-02-22	0.983	0.126
2010-02-23	0.969	0.151
2010-02-24	0.973	0.118
2010-02-25	0.959	0.109
2010-02-26	0.966	0.151
2010-03-01	0.973	0.160
2010-03-02	0.979	0.160
2010-03-03	0.979	0.160
2010-03-04	1.007	0.168
2010-03-05	1.052	0.176
2010-03-08	1.031	0.168
2010-03-09	1.041	0.134
2010-03-10	1.100	0.118
2010-03-11	1.093	0.084
2010-03-12	1.086	0.076
2010-03-15	1.072	0.067
2010-03-16	1.038	0.059
2010-03-17	1.045	0.042
2010-03-18	1.089	0.059
2010-03-19	1.096	0.076
2010-03-22	1.120	0.084
2010-03-23	1.113	0.050
2010-03-24	1.127	0.092
2010-03-25	1.137	0.101
2010-03-26	1.137	0.101
2010-03-29	1.172	0.092
2010-03-30	1.155	0.067
2010-03-31	1.134	0.067
2010-04-01	1.131	0.084
2010-04-05	1.086	0.076
2010-04-06	1.089	0.067
2010-04-07	1.096	0.067
2010-04-08	1.093	0.034
2010-04-09	1.082	0.050
2010-04-12	1.065	0.034
2010-04-13	1.045	0.017
2010-04-14	1.034	0.017
2010-04-15	1.045	0.025
2010-04-16	1.041	0.034
2010-04-19	1.038	0.008
2010-04-20	1.034	0.017
2010-04-21	1.113	0.017
2010-04-22	1.148	0.000
2010-04-23	1.120	0.000
2010-04-26	1.107	0.008
2010-04-27	1.103	0.000
2010-04-28	1.086	-0.017
2010-04-29	1.100	-0.008
2010-04-30	1.096	-0.008
2010-05-03	1.127	-0.034
2010-05-04	1.131	-0.025
2010-05-05	1.093	-0.008
2010-05-06	1.069	0.042
2010-05-07	1.065	0.025
2010-05-10	1.103	0.025
2010-05-11	1.124	0.067
2010-05-12	1.137	0.101
2010-05-13	1.131	0.126
2010-05-14	1.113	0.210
2010-05-17	1.107	0.185
2010-05-18	1.076	0.269
2010-05-19	1.041	0.235
2010-05-20	1.021	0.261
2010-05-21	1.041	0.227
2010-05-24	1.021	0.227
2010-05-25	1.010	0.193
2010-05-26	1.034	0.244
2010-05-27	1.027	0.218
2010-05-28	1.024	0.244
2010-06-01	1.021	0.261
2010-06-02	1.014	0.227
2010-06-03	1.003	0.244
2010-06-04	0.973	0.269
2010-06-07	0.966	0.294
2010-06-08	0.976	0.286
2010-06-09	1.010	0.370
2010-06-10	1.021	0.387
2010-06-11	1.058	0.361
2010-06-14	1.045	0.412
2010-06-15	1.079	0.387
2010-06-16	1.065	0.361
2010-06-17	1.072	0.353
2010-06-18	1.089	0.345
2010-06-21	1.100	0.353
2010-06-22	1.079	0.378
2010-06-23	1.124	0.378
2010-06-24	1.158	0.378
2010-06-25	1.196	0.361
2010-06-28	1.151	0.378
2010-06-29	1.079	0.370
2010-06-30	1.093	0.378
2010-07-01	1.082	0.336
2010-07-02	1.082	0.303
2010-07-06	1.052	0.336
2010-07-07	1.052	0.328
2010-07-08	1.079	0.328
2010-07-09	1.062	0.328
2010-07-12	1.048	0.336
2010-07-13	1.021	0.353
2010-07-14	1.031	0.336
2010-07-15	1.017	0.269
2010-07-16	0.997	0.294
2010-07-19	1.027	0.303
2010-07-20	1.027	0.244
2010-07-21	1.031	0.286
2010-07-22	1.093	0.336
2010-07-23	1.117	0.370
2010-07-26	1.120	0.353
2010-07-27	1.117	0.319
2010-07-28	1.093	0.328
2010-07-29	1.096	0.345
2010-07-30	1.127	0.387
2010-08-02	1.127	0.353
2010-08-03	1.134	0.353
2010-08-04	1.110	0.353
2010-08-05	1.096	0.395
2010-08-06	1.103	0.387
2010-08-09	1.103	0.370
2010-08-10	1.103	0.370
2010-08-11	1.069	0.378
2010-08-12	1.052	0.412
2010-08-13	1.065	0.403
2010-08-16	1.052	0.412
2010-08-17	1.076	0.420
2010-08-18	1.072	0.420
2010-08-19	1.065	0.420
2010-08-20	1.072	0.403
2010-08-23	1.038	0.462
2010-08-24	0.990	0.471
2010-08-25	0.979	0.429
2010-08-26	1.014	0.437
2010-08-27	1.038	0.370
2010-08-30	1.034	0.387
2010-08-31	1.003	0.387
2010-09-01	0.983	0.387
2010-09-02	1.000	0.412
2010-09-03	1.010	0.378
2010-09-07	0.997	0.395
2010-09-08	1.017	0.378
2010-09-09	0.976	0.420
2010-09-10	0.976	0.437
2010-09-13	0.966	0.437
2010-09-14	0.924	0.437
2010-09-15	0.918	0.420
2010-09-16	0.911	0.395
2010-09-17	0.921	0.412
2010-09-20	0.918	0.420
2010-09-21	0.938	0.445
2010-09-22	0.935	0.403
2010-09-23	0.914	0.387
2010-09-24	0.931	0.412
2010-09-27	0.921	0.420
2010-09-28	0.931	0.395
2010-09-29	0.979	0.378
2010-09-30	1.003	0.345
2010-10-01	1.003	0.328
2010-10-04	1.003	0.345
2010-10-05	1.031	0.345
2010-10-06	1.031	0.311
2010-10-07	1.031	0.294
2010-10-08	1.041	0.294
2010-10-11	1.065	0.303
2010-10-12	1.062	0.319
2010-10-13	1.086	0.319
2010-10-14	1.089	0.303
2010-10-15	1.048	0.261
2010-10-18	1.038	0.269
2010-10-19	1.034	0.311
2010-10-20	1.082	0.294
2010-10-21	1.082	0.311
2010-10-22	1.069	0.311
2010-10-25	1.076	0.286
2010-10-26	1.065	0.294
2010-10-27	1.058	0.303
2010-10-28	1.069	0.319
2010-10-29	1.052	0.345
2010-11-01	1.045	0.353
2010-11-02	1.010	0.361
2010-11-03	0.976	0.336
2010-11-04	0.993	0.261
2010-11-05	0.997	0.261
2010-11-08	0.973	0.269
2010-11-09	0.962	0.286
2010-11-10	0.890	0.319
2010-11-11	0.852	0.319
2010-11-12	0.808	0.269
2010-11-15	0.825	0.269
2010-11-16	0.832	0.227
2010-11-17	0.821	0.235
2010-11-18	0.856	0.218
2010-11-19	0.821	0.210
2010-11-22	0.838	0.193
2010-11-23	0.852	0.185
2010-11-24	0.876	0.227
2010-11-26	0.873	0.235
2010-11-29	0.863	0.218
2010-11-30	0.856	0.227
2010-12-01	0.873	0.218
2010-12-02	0.873	0.210
2010-12-03	0.866	0.202
2010-12-06	0.869	0.193
2010-12-07	0.859	0.227
2010-12-08	0.825	0.261
2010-12-09	0.801	0.218
2010-12-10	0.777	0.218
2010-12-13	0.766	0.210
2010-12-14	0.784	0.210
2010-12-15	0.787	0.202
2010-12-16	0.780	0.202
2010-12-17	0.797	0.193
2010-12-20	0.742	0.202
2010-12-21	0.759	0.210
2010-12-22	0.763	0.202
2010-12-23	0.780	0.202
2010-12-27	0.770	0.202
2010-12-28	0.770	0.193
2010-12-29	0.773	0.193
2010-12-30	0.777	0.185
2010-12-31	0.784	0.168
2011-01-03	0.794	0.176
2011-01-04	0.811	0.185
2011-01-05	0.818	0.210
2011-01-06	0.856	0.261
2011-01-07	0.876	0.269
2011-01-10	0.869	0.269
2011-01-11	0.859	0.319
2011-01-12	0.876	0.336
2011-01-13	0.869	0.328
2011-01-14	0.863	0.345
2011-01-18	0.924	0.395
2011-01-19	0.924	0.370
2011-01-20	0.911	0.353
2011-01-21	0.921	0.336
2011-01-24	0.935	0.336
2011-01-25	0.921	0.353
2011-01-26	0.856	0.345
2011-01-27	0.866	0.395
2011-01-28	0.863	0.429
2011-01-31	0.856	0.378
2011-02-01	0.849	0.345
2011-02-02	0.869	0.345
2011-02-03	0.866	0.336
2011-02-04	0.873	0.303
2011-02-07	0.873	0.328
2011-02-08	0.887	0.345
2011-02-09	0.890	0.328
2011-02-10	0.890	0.336
2011-02-11	0.866	0.378
2011-02-14	0.863	0.370
2011-02-15	0.849	0.378
2011-02-16	0.863	0.395
2011-02-17	0.852	0.361
2011-02-18	0.869	0.353
2011-02-22	0.852	0.345
2011-02-23	0.845	0.336
2011-02-24	0.863	0.336
2011-02-25	0.883	0.319
2011-02-28	0.866	0.328
2011-03-01	0.845	0.328
2011-03-02	0.828	0.303
2011-03-03	0.852	0.252
2011-03-04	0.866	0.252
2011-03-07	0.859	0.235
2011-03-08	0.873	0.261
2011-03-09	0.876	0.277
2011-03-10	0.890	0.286
2011-03-11	0.887	0.269
2011-03-14	0.876	0.252
2011-03-15	0.869	0.235
2011-03-16	0.852	0.252
2011-03-17	0.842	0.261
2011-03-18	0.856	0.261
2011-03-21	0.883	0.269
2011-03-22	0.907	0.261
2011-03-23	0.924	0.286
2011-03-24	0.911	0.294
2011-03-25	0.918	0.294
2011-03-28	0.921	0.294
2011-03-29	0.918	0.294
2011-03-30	0.911	0.311
2011-03-31	0.918	0.303
2011-04-01	0.907	0.336
2011-04-04	0.907	0.328
2011-04-05	0.890	0.328
2011-04-06	0.897	0.311
2011-04-07	0.914	0.328
2011-04-08	0.900	0.319
2011-04-11	0.914	0.328
2011-04-12	0.911	0.319
2011-04-13	0.887	0.336
2011-04-14	0.890	0.336
2011-04-15	0.890	0.345
2011-04-18	0.918	0.319
2011-04-19	0.914	0.319
2011-04-20	0.938	0.345
2011-04-21	0.938	0.336
2011-04-25	0.928	0.336
2011-04-26	0.928	0.336
2011-04-27	0.928	0.319
2011-04-28	0.983	0.303
2011-04-29	1.010	0.286
2011-05-02	1.007	0.286
2011-05-03	1.014	0.286
2011-05-04	1.010	0.277
2011-05-05	1.021	0.286
2011-05-06	1.034	0.311
2011-05-09	1.034	0.311
2011-05-10	1.024	0.336
2011-05-11	1.024	0.361
2011-05-12	1.024	0.361
2011-05-13	1.031	0.454
2011-05-16	1.010	0.429
2011-05-17	0.983	0.395
2011-05-18	0.976	0.395
2011-05-19	0.997	0.437
2011-05-20	0.997	0.429
2011-05-23	0.990	0.429
2011-05-24	0.973	0.437
2011-05-25	0.986	0.420
2011-05-26	0.986	0.429
2011-05-27	0.986	0.412
2011-05-31	0.993	0.429
2011-06-01	0.969	0.412
2011-06-02	0.979	0.370
2011-06-03	0.979	0.395
2011-06-06	0.993	0.403
2011-06-07	0.983	0.395
2011-06-08	0.983	0.395
2011-06-09	0.976	0.403
2011-06-10	0.966	0.395
2011-06-13	0.973	0.403
2011-06-14	0.993	0.395
2011-06-15	1.007	0.437
2011-06-16	1.007	0.437
2011-06-17	1.003	0.420
2011-06-20	1.003	0.395
2011-06-21	0.962	0.412
2011-06-22	0.924	0.429
2011-06-23	0.907	0.445
2011-06-24	0.931	0.487
2011-06-27	0.921	0.445
2011-06-28	0.911	0.462
2011-06-29	0.911	0.471
2011-06-30	0.924	0.471
2011-07-01	0.904	0.445
2011-07-05	0.904	0.479
2011-07-06	0.918	0.471
2011-07-07	0.931	0.454
2011-07-08	0.921	0.445
2011-07-11	0.911	0.471
2011-07-12	0.883	0.487
2011-07-13	0.883	0.538
2011-07-14	0.869	0.529
2011-07-15	0.863	0.513
2011-07-18	0.832	0.529
2011-07-19	0.828	0.513
2011-07-20	0.869	0.571
2011-07-21	0.863	0.555
2011-07-22	0.856	0.555
2011-07-25	0.832	0.571
2011-07-26	0.811	0.546
2011-07-27	0.859	0.563
2011-07-28	0.866	0.571
2011-07-29	0.873	0.571
2011-08-01	0.876	0.563
2011-08-02	0.856	0.580
2011-08-03	0.835	0.513
2011-08-04	0.808	0.496
2011-08-05	0.797	0.521
2011-08-08	0.801	0.487
2011-08-09	0.828	0.471
2011-08-10	0.759	0.496
2011-08-11	0.725	0.479
2011-08-12	0.801	0.521
2011-08-15	0.790	0.538
2011-08-16	0.794	0.538
2011-08-17	0.790	0.588
2011-08-18	0.777	0.538
2011-08-19	0.759	0.555
2011-08-22	0.784	0.580
2011-08-23	0.797	0.538
2011-08-24	0.801	0.555
2011-08-25	0.811	0.555
2011-08-26	0.835	0.504
2011-08-29	0.835	0.479
2011-08-30	0.869	0.471
2011-08-31	0.887	0.521
2011-09-01	0.883	0.546
2011-09-02	0.873	0.521
2011-09-06	0.852	0.471
2011-09-07	0.859	0.538
2011-09-08	0.821	0.529
2011-09-09	0.838	0.555
2011-09-12	0.845	0.546
2011-09-13	0.842	0.521
2011-09-14	0.821	0.538
2011-09-15	0.828	0.546
2011-09-16	0.849	0.529
2011-09-19	0.832	0.546
2011-09-20	0.818	0.597
2011-09-21	0.797	0.630
2011-09-22	0.787	0.555
2011-09-23	0.801	0.529
2011-09-26	0.832	0.471
2011-09-27	0.835	0.521
2011-09-28	0.849	0.555
2011-09-29	0.845	0.563
2011-09-30	0.838	0.571
2011-10-03	0.821	0.597
2011-10-04	0.808	0.479
2011-10-05	0.801	0.538
2011-10-06	0.814	0.563
2011-10-07	0.838	0.529
2011-10-10	0.842	0.529
2011-10-11	0.838	0.571
2011-10-12	0.832	0.555
2011-10-13	0.814	0.580
2011-10-14	0.794	0.580
2011-10-17	0.766	0.538
2011-10-18	0.780	0.538
2011-10-19	0.794	0.487
2011-10-20	0.766	0.387
2011-10-21	0.794	0.378
2011-10-24	0.773	0.378
2011-10-25	0.780	0.437
2011-10-26	0.842	0.378
2011-10-27	0.804	0.412
2011-10-28	0.821	0.395
2011-10-31	0.804	0.437
2011-11-01	0.784	0.454
2011-11-02	0.787	0.445
2011-11-03	0.804	0.445
2011-11-04	0.804	0.429
2011-11-07	0.808	0.412
2011-11-08	0.794	0.378
2011-11-09	0.804	0.361
2011-11-10	0.797	0.420
2011-11-11	0.818	0.479
2011-11-14	0.866	0.479
2011-11-15	0.856	0.471
2011-11-16	0.842	0.496
2011-11-17	0.866	0.462
2011-11-18	0.907	0.471
2011-11-21	0.890	0.462
2011-11-22	0.863	0.454
2011-11-23	0.845	0.462
2011-11-25	0.863	0.504
2011-11-28	0.873	0.504
2011-11-29	0.876	0.504
2011-11-30	0.893	0.496
2011-12-01	0.959	0.471
2011-12-02	0.969	0.479
2011-12-05	0.945	0.471
2011-12-06	0.935	0.462
2011-12-07	0.924	0.454
2011-12-08	0.952	0.487
2011-12-09	0.969	0.496
2011-12-12	0.969	0.496
2011-12-13	0.986	0.555
2011-12-14	0.983	0.538
2011-12-15	0.997	0.571
2011-12-16	1.000	0.563
2011-12-19	1.000	0.588
2011-12-20	1.007	0.597
2011-12-21	1.034	0.597
2011-12-22	1.034	0.588
2011-12-23	1.010	0.571
2011-12-27	1.017	0.563
2011-12-28	1.014	0.588
2011-12-29	1.017	0.605
2011-12-30	1.003	0.613
2012-01-03	0.997	0.613
2012-01-04	1.000	0.613
2012-01-05	0.973	0.630
2012-01-06	0.990	0.630
2012-01-09	1.000	0.630
2012-01-10	0.993	0.630
2012-01-11	0.986	0.639
2012-01-12	1.003	0.622
2012-01-13	0.990	0.639
2012-01-17	1.000	0.672
2012-01-18	0.973	0.664
2012-01-19	0.976	0.630
2012-01-20	0.973	0.639
2012-01-23	0.973	0.639
2012-01-24	0.969	0.664
2012-01-25	0.966	0.639
2012-01-26	0.962	0.622
2012-01-27	0.945	0.639
2012-01-30	0.942	0.622
2012-01-31	0.942	0.647
2012-02-01	0.955	0.647
2012-02-02	0.948	0.647
2012-02-03	0.952	0.723
2012-02-06	0.928	0.706
2012-02-07	0.918	0.681
2012-02-08	0.921	0.647
2012-02-09	0.928	0.664
2012-02-10	0.918	0.672
2012-02-13	0.904	0.681
2012-02-14	0.921	0.681
2012-02-15	0.924	0.689
2012-02-16	0.904	0.664
2012-02-17	0.904	0.672
2012-02-21	0.911	0.664
2012-02-22	0.924	0.681
2012-02-23	0.911	0.681
2012-02-24	0.914	0.664
2012-02-27	0.890	0.672
2012-02-28	0.883	0.664
2012-02-29	0.887	0.681
2012-03-01	0.876	0.714
2012-03-02	0.880	0.697
2012-03-05	0.866	0.689
2012-03-06	0.856	0.655
2012-03-07	0.869	0.664
2012-03-08	0.866	0.832
2012-03-09	0.838	0.840
2012-03-12	0.845	0.824
2012-03-13	0.828	0.824
2012-03-14	0.856	0.840
2012-03-15	0.849	0.849
2012-03-16	0.842	0.857
2012-03-19	0.838	0.807
2012-03-20	0.838	0.824
2012-03-21	0.838	0.840
2012-03-22	0.825	0.824
2012-03-23	0.818	0.832
2012-03-26	0.825	0.832
2012-03-27	0.821	0.832
2012-03-28	0.818	0.832
2012-03-29	0.814	0.815
2012-03-30	0.814	0.832
2012-04-02	0.821	0.832
2012-04-03	0.814	0.857
2012-04-04	0.811	0.824
2012-04-05	0.808	0.840
2012-04-09	0.801	0.866
2012-04-10	0.787	0.840
2012-04-11	0.801	0.840
2012-04-12	0.821	0.874
2012-04-13	0.828	0.857
2012-04-16	0.825	0.882
2012-04-17	0.832	0.874
2012-04-18	0.828	0.857
2012-04-19	0.825	0.882
2012-04-20	0.835	0.866
2012-04-23	0.832	0.798
2012-04-24	0.835	0.824
2012-04-25	0.904	0.840
2012-04-26	0.890	0.815
2012-04-27	0.893	0.824
2012-04-30	0.887	0.790
2012-05-01	0.887	0.782
2012-05-02	0.893	0.807
2012-05-03	0.897	0.849
2012-05-04	0.904	0.815
2012-05-07	0.907	0.824
2012-05-08	0.900	0.773
2012-05-09	0.880	0.807
2012-05-10	0.866	0.782
2012-05-11	0.869	0.773
2012-05-14	0.876	0.807
2012-05-15	0.873	0.832
2012-05-16	0.876	0.866
2012-05-17	0.835	0.849
2012-05-18	0.835	0.807
2012-05-21	0.873	0.782
2012-05-22	0.866	0.824
2012-05-23	0.866	0.782
2012-05-24	0.859	0.782
2012-05-25	0.825	0.739
2012-05-29	0.814	0.756
2012-05-30	0.814	0.731
2012-05-31	0.825	0.739
2012-06-01	0.808	0.723
2012-06-04	0.814	0.681
2012-06-05	0.808	0.681
2012-06-06	0.804	0.689
2012-06-07	0.828	0.748
2012-06-08	0.814	0.706
2012-06-11	0.842	0.723
2012-06-12	0.883	0.697
2012-06-13	0.883	0.697
2012-06-14	0.859	0.655
2012-06-15	0.842	0.630
2012-06-18	0.838	0.672
2012-06-19	0.845	0.664
2012-06-20	0.852	0.647
2012-06-21	0.849	0.706
2012-06-22	0.852	0.622
2012-06-25	0.859	0.681
2012-06-26	0.845	0.655
2012-06-27	0.856	0.681
2012-06-28	0.852	0.689
2012-06-29	0.873	0.723
2012-07-02	0.842	0.756
2012-07-03	0.859	0.739
2012-07-05	0.869	0.748
2012-07-06	0.869	0.739
2012-07-09	0.880	0.773
2012-07-10	0.876	0.765
2012-07-11	0.832	0.689
2012-07-12	0.845	0.689
2012-07-13	0.863	0.689
2012-07-16	0.852	0.706
2012-07-17	0.842	0.664
2012-07-18	0.849	0.672
2012-07-19	0.869	0.689
2012-07-20	0.863	0.773
2012-07-23	0.856	0.739
2012-07-24	0.849	0.790
2012-07-25	0.900	0.756
2012-07-26	0.893	0.739
2012-07-27	0.873	0.807
2012-07-30	0.856	0.807
2012-07-31	0.842	0.782
2012-08-01	0.818	0.891
2012-08-02	0.811	0.866
2012-08-03	0.797	0.882
2012-08-06	0.797	0.857
2012-08-07	0.825	0.840
2012-08-08	0.828	0.815
2012-08-09	0.821	0.832
2012-08-10	0.814	0.832
2012-08-13	0.814	0.815
2012-08-14	0.808	0.815
2012-08-15	0.787	0.815
2012-08-16	0.787	0.790
2012-08-17	0.790	0.790
2012-08-20	0.790	0.798
2012-08-21	0.780	0.824
2012-08-22	0.770	0.824
2012-08-23	0.725	0.790
2012-08-24	0.732	0.765
2012-08-27	0.739	0.765
2012-08-28	0.742	0.773
2012-08-29	0.739	0.807
2012-08-30	0.739	0.815
2012-08-31	0.746	0.815
2012-09-04	0.732	0.790
2012-09-05	0.759	0.790
2012-09-06	0.746	0.790
2012-09-07	0.742	0.765
2012-09-10	0.708	0.739
2012-09-11	0.708	0.739
2012-09-12	0.698	0.639
2012-09-13	0.684	0.445
2012-09-14	0.670	0.454
2012-09-17	0.646	0.479
2012-09-18	0.660	0.479
2012-09-19	0.643	0.471
2012-09-20	0.643	0.496
2012-09-21	0.646	0.479
2012-09-24	0.653	0.445
2012-09-25	0.653	0.471
2012-09-26	0.684	0.437
2012-09-27	0.663	0.445
2012-09-28	0.660	0.437
2012-10-01	0.667	0.445
2012-10-02	0.653	0.487
2012-10-03	0.653	0.487
2012-10-04	0.646	0.487
2012-10-05	0.667	0.521
2012-10-08	0.667	0.513
2012-10-09	0.684	0.521
2012-10-10	0.687	0.613
2012-10-11	0.698	0.597
2012-10-12	0.729	0.546
2012-10-15	0.725	0.555
2012-10-16	0.735	0.538
2012-10-17	0.732	0.555
2012-10-18	0.753	0.555
2012-10-19	0.773	0.571
2012-10-22	0.766	0.555
2012-10-23	0.770	0.538
2012-10-24	0.773	0.588
2012-10-25	0.739	0.588
2012-10-26	0.732	0.613
2012-10-31	0.715	0.630
2012-11-01	0.704	0.622
2012-11-02	0.701	0.630
2012-11-05	0.708	0.613
2012-11-06	0.732	0.613
2012-11-07	0.729	0.639
2012-11-08	0.770	0.588
2012-11-09	0.825	0.605
2012-11-12	0.835	0.588
2012-11-13	0.835	0.605
2012-11-14	0.808	0.605
2012-11-15	0.804	0.555
2012-11-16	0.787	0.555
2012-11-19	0.784	0.546
2012-11-20	0.797	0.546
2012-11-21	0.808	0.538
2012-11-23	0.797	0.487
2012-11-26	0.814	0.471
2012-11-27	0.828	0.462
2012-11-28	0.804	0.479
2012-11-29	0.797	0.504
2012-11-30	0.804	0.538
2012-12-03	0.804	0.580
2012-12-04	0.808	0.588
2012-12-05	0.801	0.622
2012-12-06	0.797	0.748
2012-12-07	0.808	0.765
2012-12-10	0.828	0.756
2012-12-11	0.825	0.731
2012-12-12	0.814	0.731
2012-12-13	0.801	0.731
2012-12-14	0.801	0.723
2012-12-17	0.794	0.714
2012-12-18	0.794	0.731
2012-12-19	0.808	0.756
2012-12-20	0.814	0.739
2012-12-21	0.832	0.765
2012-12-24	0.832	0.756
2012-12-26	0.838	0.765
2012-12-27	0.838	0.756
2012-12-28	0.832	0.765
2012-12-31	0.814	0.739
2013-01-02	0.811	0.731
2013-01-03	0.825	0.739
2013-01-04	0.821	0.765
2013-01-07	0.790	0.765
2013-01-08	0.749	0.782
2013-01-09	0.804	0.849
2013-01-10	0.801	0.832
2013-01-11	0.756	0.840
2013-01-14	0.790	0.840
2013-01-15	0.797	0.832
2013-01-16	0.735	0.849
2013-01-17	0.746	0.916
2013-01-18	0.735	0.958
2013-01-22	0.708	0.966
2013-01-23	0.708	0.958
2013-01-24	0.732	0.950
2013-01-25	0.715	0.941
2013-01-28	0.694	1.000
2013-01-29	0.677	0.966
2013-01-30	0.708	0.924
2013-01-31	0.694	0.941
2013-02-01	0.701	0.958
2013-02-04	0.729	0.958
2013-02-05	0.725	0.941
2013-02-06	0.735	0.933
2013-02-07	0.763	0.966
2013-02-08	0.732	0.941
2013-02-11	0.718	0.924
2013-02-12	0.718	0.933
2013-02-13	0.691	0.941
2013-02-14	0.694	0.924
2013-02-15	0.698	0.933
2013-02-19	0.677	0.966
2013-02-20	0.701	1.017
2013-02-21	0.739	0.975
2013-02-22	0.739	0.992
2013-02-25	0.732	1.008
2013-02-26	0.735	0.958
2013-02-27	0.753	1.059
2013-02-28	0.746	1.176
2013-03-01	0.749	1.160
2013-03-04	0.735	1.202
2013-03-05	0.756	1.151
2013-03-06	0.763	1.151
2013-03-07	0.804	1.176
2013-03-08	0.801	1.168
2013-03-11	0.832	1.185
2013-03-12	0.863	1.227
2013-03-13	0.873	1.261
2013-03-14	0.859	1.252
2013-03-15	0.904	1.294
2013-03-18	0.887	1.277
2013-03-19	0.897	1.261
2013-03-20	0.883	1.227
2013-03-21	0.876	1.210
2013-03-22	0.873	1.235
2013-03-25	0.880	1.244
2013-03-26	0.904	1.202
2013-03-27	0.897	1.134
2013-03-28	0.880	1.126
2013-04-01	0.876	1.134
2013-04-02	0.842	1.202
2013-04-03	0.866	1.185
2013-04-04	0.873	1.118
2013-04-05	0.907	1.067
2013-04-08	0.907	1.084
2013-04-09	0.911	1.017
2013-04-10	0.900	1.034
2013-04-11	0.911	1.025
2013-04-12	0.921	0.992
2013-04-15	0.921	1.034
2013-04-16	0.897	0.983
2013-04-17	0.921	1.109
2013-04-18	0.921	1.118
2013-04-19	0.945	1.160
2013-04-22	0.911	1.118
2013-04-23	0.921	1.160
2013-04-24	0.976	1.176
2013-04-25	0.986	1.151
2013-04-26	1.017	1.126
2013-04-29	0.983	1.101
2013-04-30	0.966	1.109
2013-05-01	0.979	1.126
2013-05-02	0.983	1.126
2013-05-03	0.997	1.126
2013-05-06	1.000	1.118
2013-05-07	1.003	1.101
2013-05-08	0.979	1.126
2013-05-09	1.000	1.134
2013-05-10	0.983	1.134
2013-05-13	0.993	1.118
2013-05-14	1.000	1.160
2013-05-15	1.010	1.185
2013-05-16	1.010	1.202
2013-05-17	1.038	1.185
2013-05-20	1.034	1.176
2013-05-21	1.034	1.168
2013-05-22	1.034	1.185
2013-05-23	1.076	1.143
2013-05-24	1.082	1.168
2013-05-28	1.072	1.218
2013-05-29	1.065	1.252
2013-05-30	1.089	1.244
2013-05-31	1.086	1.294
2013-06-03	1.110	1.218
2013-06-04	1.100	1.235
2013-06-05	1.103	1.218
2013-06-06	1.113	1.168
2013-06-07	1.144	1.218
2013-06-10	1.137	1.202
2013-06-11	1.151	1.185
2013-06-12	1.151	1.244
2013-06-13	1.144	1.210
2013-06-14	1.151	1.210
2013-06-17	1.162	1.202
2013-06-18	1.165	1.193
2013-06-19	1.158	1.185
2013-06-20	1.155	1.185
2013-06-21	1.158	1.151
2013-06-24	1.137	1.118
2013-06-25	1.134	1.160
2013-06-26	1.158	1.168
2013-06-27	1.196	1.168
2013-06-28	1.192	1.151
2013-07-01	1.196	1.143
2013-07-02	1.162	1.126
2013-07-03	1.189	1.092
2013-07-05	1.196	1.118
2013-07-08	1.186	1.134
2013-07-09	1.179	1.126
2013-07-10	1.192	1.109
2013-07-11	1.192	1.076
2013-07-12	1.082	1.067
2013-07-15	1.158	1.092
2013-07-16	1.137	1.084
2013-07-17	1.141	1.084
2013-07-18	1.189	1.101
2013-07-19	1.172	1.118
2013-07-22	1.165	1.109
2013-07-23	1.189	1.101
2013-07-24	1.179	1.109
2013-07-25	1.168	1.160
2013-07-26	1.144	1.193
2013-07-29	1.137	1.210
2013-07-30	1.155	1.210
2013-07-31	1.141	1.235
2013-08-01	1.148	1.227
2013-08-02	1.168	1.218
2013-08-05	1.165	1.202
2013-08-06	1.168	1.252
2013-08-07	1.162	1.269
2013-08-08	1.144	1.269
2013-08-09	1.141	1.286
2013-08-12	1.120	1.235
2013-08-13	1.155	1.210
2013-08-14	1.124	1.244
2013-08-15	1.124	1.286
2013-08-16	1.148	1.294
2013-08-19	1.186	1.294
2013-08-20	1.175	1.235
2013-08-21	1.175	1.227
2013-08-22	1.182	1.235
2013-08-23	1.179	1.244
2013-08-26	1.189	1.261
2013-08-27	1.175	1.252
2013-08-28	1.172	1.193
2013-08-29	1.203	1.227
2013-08-30	1.186	1.244
2013-09-03	1.199	1.269
2013-09-04	1.210	1.269
2013-09-05	1.213	1.286
2013-09-06	1.203	1.303
2013-09-09	1.203	1.286
2013-09-10	1.206	1.311
2013-09-11	1.223	1.286
2013-09-12	1.241	1.261
2013-09-13	1.268	1.227
2013-09-16	1.340	1.235
2013-09-17	1.361	1.227
2013-09-18	1.357	1.261
2013-09-19	1.375	1.303
2013-09-20	1.344	1.311
2013-09-23	1.371	1.269
2013-09-24	1.409	1.286
2013-09-25	1.405	1.311
2013-09-26	1.416	1.328
2013-09-27	1.412	1.353
2013-09-30	1.402	1.353
2013-10-01	1.388	1.395
2013-10-02	1.392	1.412
2013-10-03	1.357	1.429
2013-10-04	1.381	1.445
2013-10-07	1.392	1.521
2013-10-08	1.395	1.487
2013-10-09	1.375	1.429
2013-10-10	1.412	1.395
2013-10-11	1.381	1.403
2013-10-14	1.402	1.403
2013-10-15	1.392	1.403
2013-10-16	1.402	1.361
2013-10-17	1.426	1.353
2013-10-18	1.412	1.361
2013-10-21	1.392	1.311
2013-10-22	1.399	1.286
2013-10-23	1.540	1.277
2013-10-24	1.529	1.319
2013-10-25	1.560	1.345
2013-10-28	1.533	1.319
2013-10-29	1.515	1.336
2013-10-30	1.526	1.395
2013-10-31	1.553	1.420
2013-11-01	1.595	1.412
2013-11-04	1.581	1.471
2013-11-05	1.605	1.513
2013-11-06	1.584	1.538
2013-11-07	1.588	1.580
2013-11-08	1.591	1.538
2013-11-11	1.570	1.555
2013-11-12	1.574	1.487
2013-11-13	1.567	1.437
2013-11-14	1.591	1.479
2013-11-15	1.601	1.429
2013-11-18	1.653	1.496
2013-11-19	1.632	1.462
2013-11-20	1.557	1.462
2013-11-21	1.543	1.403
2013-11-22	1.588	1.412
2013-11-25	1.536	1.437
2013-11-26	1.570	1.403
2013-11-27	1.560	1.437
2013-11-29	1.553	1.429
2013-12-02	1.560	1.479
2013-12-03	1.526	1.395
2013-12-04	1.519	1.370
2013-12-05	1.557	1.353
2013-12-06	1.574	1.328
2013-12-09	1.560	1.345
2013-12-10	1.550	1.294
2013-12-11	1.557	1.496
2013-12-12	1.574	1.529
2013-12-13	1.591	1.555
2013-12-16	1.591	1.605
2013-12-17	1.622	1.571
2013-12-18	1.570	1.555
2013-12-19	1.567	1.597
2013-12-20	1.584	1.580
2013-12-23	1.564	1.571
2013-12-24	1.564	1.571
2013-12-26	1.581	1.563
2013-12-27	1.553	1.563
2013-12-30	1.536	1.546
2013-12-31	1.536	1.538
2014-01-02	1.564	1.597
2014-01-03	1.581	1.588
2014-01-06	1.605	1.546
2014-01-07	1.629	1.555
2014-01-08	1.632	1.529
2014-01-09	1.656	1.504
2014-01-10	1.646	1.521
2014-01-13	1.656	1.580
2014-01-14	1.615	1.563
2014-01-15	1.615	1.571
2014-01-16	1.612	1.597
2014-01-17	1.625	1.605
2014-01-21	1.639	1.597
2014-01-22	1.691	1.605
2014-01-23	1.656	1.521
2014-01-24	1.622	1.479
2014-01-27	1.649	1.487
2014-01-28	1.629	1.571
2014-01-29	1.512	1.538
2014-01-30	1.423	1.496
2014-01-31	1.416	1.479
2014-02-03	1.430	1.504
2014-02-04	1.388	1.496
2014-02-05	1.381	1.454
2014-02-06	1.378	1.471
2014-02-07	1.430	1.454
2014-02-10	1.430	1.445
2014-02-11	1.443	1.479
